0,0,-1,-1
1,0,-1,-1
2,0,-1,-1
3,0,-1,-1
4,0,-1,-1
5,1,33,43
6,1,9,56
7,0,-1,-1
8,0,-1,-1
9,1,24,31
10,1,20,50
11,0,-1,-1
12,0,-1,-1
13,0,-1,-1
14,0,-1,-1
15,1,60,66
16,0,-1,-1
17,1,0,28
18,1,26,39
19,0,-1,-1
20,0,-1,-1
21,1,11,15
22,1,23,35
23,1,16,32
24,1,0,44
25,0,-1,-1
26,1,0,9
27,1,17,28
28,0,-1,-1
29,0,-1,-1
30,0,-1,-1
31,0,-1,-1
32,0,-1,-1
33,0,-1,-1
34,0,-1,-1
35,1,10,76
36,0,-1,-1
37,1,0,9
38,1,0,17
39,1,52,54
40,1,33,38
41,0,-1,-1
42,1,27,59
43,0,-1,-1
44,0,-1,-1
45,1,14,22
46,1,88,91
47,0,-1,-1
48,1,0,105
49,1,74,74
50,0,-1,-1
51,0,-1,-1
52,1,27,31
53,1,37,71
54,0,-1,-1
55,1,22,119
56,0,-1,-1
57,1,92,102
58,0,-1,-1
59,1,17,91
60,1,11,86
61,0,-1,-1
62,1,11,34
63,0,-1,-1
64,0,-1,-1
65,0,-1,-1
66,0,-1,-1
67,0,-1,-1
68,0,-1,-1
69,0,-1,-1
70,1,53,56
71,0,-1,-1
72,1,0,76
73,1,68,76
74,0,-1,-1
75,0,-1,-1
76,0,-1,-1
77,0,-1,-1
78,0,-1,-1
79,1,30,30
80,0,-1,-1
81,0,-1,-1
82,0,-1,-1
83,1,70,80
84,1,42,60
85,0,-1,-1
86,0,-1,-1
87,0,-1,-1
88,1,33,38
89,1,9,23
90,1,0,97
91,0,-1,-1
92,0,-1,-1
93,1,0,51
94,0,-1,-1
95,0,-1,-1
96,1,51,53
97,0,-1,-1
98,1,21,22
99,0,-1,-1
100,0,-1,-1
101,0,-1,-1
102,0,-1,-1
103,0,-1,-1
104,0,-1,-1
105,0,-1,-1
106,0,-1,-1
107,0,-1,-1
108,1,0,45
109,0,-1,-1
110,1,0,28
111,1,117,124
112,1,43,70
113,1,71,104
114,1,106,112
115,0,-1,-1
116,1,29,29
117,0,-1,-1
118,0,-1,-1
119,0,-1,-1
120,1,9,48
121,0,-1,-1
122,1,31,34
123,1,12,40
124,1,19,20
125,0,-1,-1
126,0,-1,-1
127,0,-1,-1
128,1,30,46
129,0,-1,-1
130,0,-1,-1
131,1,23,28
132,0,-1,-1
133,0,-1,-1
134,0,-1,-1
135,1,44,52
136,1,10,16
137,0,-1,-1
138,0,-1,-1
139,1,28,28
140,0,-1,-1
141,0,-1,-1
142,0,-1,-1
143,0,-1,-1
144,0,-1,-1
145,0,-1,-1
146,1,26,30
147,0,-1,-1
148,1,16,75
149,1,0,16
150,0,-1,-1
151,0,-1,-1
152,0,-1,-1
153,1,51,67
154,0,-1,-1
155,0,-1,-1
156,0,-1,-1
157,1,0,35
158,1,0,35
159,0,-1,-1
160,1,0,35
161,1,0,24
162,0,-1,-1
163,0,-1,-1
164,0,-1,-1
165,1,25,32
166,0,-1,-1
167,1,73,90
168,0,-1,-1
169,0,-1,-1
170,1,0,43
171,0,-1,-1
172,1,0,68
173,0,-1,-1
174,1,12,53
175,1,56,68
176,1,0,9
177,0,-1,-1
178,0,-1,-1
179,0,-1,-1
180,1,24,34
181,1,36,45
182,0,-1,-1
183,1,20,90
184,0,-1,-1
185,0,-1,-1
186,0,-1,-1
187,0,-1,-1
188,0,-1,-1
189,0,-1,-1
190,0,-1,-1
191,0,-1,-1
192,0,-1,-1
193,1,33,53
194,1,54,84
195,1,43,99
196,0,-1,-1
197,1,0,119
198,1,64,78
199,1,37,143
200,1,53,55
201,0,-1,-1
202,0,-1,-1
203,0,-1,-1
204,1,62,62
205,0,-1,-1
206,0,-1,-1
207,0,-1,-1
208,0,-1,-1
209,0,-1,-1
210,0,-1,-1
211,0,-1,-1
212,1,0,53
213,0,-1,-1
214,0,-1,-1
215,0,-1,-1
216,0,-1,-1
217,1,42,52
218,0,-1,-1
219,0,-1,-1
220,1,0,72
221,0,-1,-1
222,0,-1,-1
223,0,-1,-1
224,1,10,60
225,1,24,33
226,0,-1,-1
227,1,0,50
228,0,-1,-1
229,0,-1,-1
230,1,0,39
231,1,22,31
232,1,99,110
233,0,-1,-1
234,1,90,95
235,1,33,76
236,0,-1,-1
237,1,0,14
238,1,28,32
239,1,0,27
240,0,-1,-1
241,1,37,74
242,0,-1,-1
243,0,-1,-1
244,0,-1,-1
245,1,33,33
246,0,-1,-1
247,1,18,26
248,0,-1,-1
249,0,-1,-1
250,0,-1,-1
251,1,0,13
252,0,-1,-1
253,1,0,30
254,0,-1,-1
255,0,-1,-1
256,1,0,8
257,1,9,30
258,0,-1,-1
259,0,-1,-1
260,0,-1,-1
261,1,0,16
262,0,-1,-1
263,0,-1,-1
264,1,0,56
265,1,56,56
266,0,-1,-1
267,0,-1,-1
268,1,51,87
269,1,50,53
270,0,-1,-1
271,0,-1,-1
272,1,25,42
273,0,-1,-1
274,0,-1,-1
275,0,-1,-1
276,1,14,43
277,1,16,16
278,1,0,28
279,0,-1,-1
280,0,-1,-1
281,1,22,75
282,0,-1,-1
283,1,20,75
284,1,29,75
285,1,69,76
286,0,-1,-1
287,1,49,62
288,0,-1,-1
289,1,0,13
290,0,-1,-1
291,0,-1,-1
292,1,37,45
293,0,-1,-1
294,1,17,33
295,1,60,69
296,1,52,52
297,1,0,59
298,0,-1,-1
299,1,25,50
300,1,27,29
301,0,-1,-1
302,0,-1,-1
303,0,-1,-1
304,0,-1,-1
305,0,-1,-1
306,0,-1,-1
307,1,0,34
308,1,0,67
309,1,0,46
310,0,-1,-1
311,0,-1,-1
312,0,-1,-1
313,0,-1,-1
314,0,-1,-1
315,0,-1,-1
316,1,0,44
317,0,-1,-1
318,1,0,76
319,0,-1,-1
320,1,53,53
321,0,-1,-1
322,1,25,102
323,0,-1,-1
324,1,34,34
325,0,-1,-1
326,0,-1,-1
327,0,-1,-1
328,0,-1,-1
329,1,0,57
330,0,-1,-1
331,1,35,36
332,0,-1,-1
333,0,-1,-1
334,1,0,8
335,0,-1,-1
336,0,-1,-1
337,1,45,91
338,1,62,65
339,0,-1,-1
340,0,-1,-1
341,0,-1,-1
342,1,18,34
343,1,42,65
344,1,67,110
345,0,-1,-1
346,0,-1,-1
347,1,85,89
348,0,-1,-1
349,1,0,10
350,0,-1,-1
351,0,-1,-1
352,1,34,59
353,1,25,82
354,0,-1,-1
355,0,-1,-1
356,0,-1,-1
357,0,-1,-1
358,1,0,16
359,1,45,50
360,0,-1,-1
361,0,-1,-1
362,0,-1,-1
363,1,92,99
364,0,-1,-1
365,0,-1,-1
366,1,29,47
367,0,-1,-1
368,1,45,63
369,0,-1,-1
370,0,-1,-1
371,0,-1,-1
372,1,27,27
373,1,54,61
374,0,-1,-1
375,0,-1,-1
376,1,0,60
377,1,21,22
378,0,-1,-1
379,1,35,48
380,0,-1,-1
381,0,-1,-1
382,0,-1,-1
383,0,-1,-1
384,0,-1,-1
385,1,18,18
386,0,-1,-1
387,1,40,43
388,0,-1,-1
389,1,18,24
390,0,-1,-1
391,0,-1,-1
392,0,-1,-1
393,0,-1,-1
394,1,39,48
395,1,0,35
396,0,-1,-1
397,1,22,35
398,0,-1,-1
399,0,-1,-1
400,0,-1,-1
401,1,30,39
402,0,-1,-1
403,1,0,11
404,1,41,47
405,0,-1,-1
406,1,27,79
407,0,-1,-1
408,0,-1,-1
409,0,-1,-1
410,1,0,82
411,0,-1,-1
412,0,-1,-1
413,0,-1,-1
414,0,-1,-1
415,0,-1,-1
416,0,-1,-1
417,0,-1,-1
418,0,-1,-1
419,1,14,85
420,1,0,53
421,0,-1,-1
422,0,-1,-1
423,0,-1,-1
424,0,-1,-1
425,1,33,144
426,0,-1,-1
427,1,0,116
428,1,23,144
429,1,0,128
430,0,-1,-1
431,0,-1,-1
432,1,63,98
433,0,-1,-1
434,1,48,135
435,1,0,39
436,1,0,10
437,1,9,69
438,1,19,69
439,0,-1,-1
440,0,-1,-1
441,1,46,52
442,0,-1,-1
443,0,-1,-1
444,1,15,18
445,0,-1,-1
446,1,0,111
447,0,-1,-1
448,1,24,155
449,0,-1,-1
450,1,133,140
451,1,9,155
452,0,-1,-1
453,1,14,155
454,0,-1,-1
455,0,-1,-1
456,0,-1,-1
457,0,-1,-1
458,0,-1,-1
459,1,9,46
460,0,-1,-1
461,0,-1,-1
462,0,-1,-1
463,0,-1,-1
464,1,31,121
465,1,29,39
466,0,-1,-1
467,1,0,119
468,0,-1,-1
469,0,-1,-1
470,1,98,101
471,1,85,95
472,1,10,92
473,0,-1,-1
474,1,43,49
475,0,-1,-1
476,1,0,10
477,0,-1,-1
478,1,18,22
479,0,-1,-1
480,0,-1,-1
481,1,13,14
482,0,-1,-1
483,0,-1,-1
484,0,-1,-1
485,0,-1,-1
486,0,-1,-1
487,1,77,80
488,1,0,15
489,1,63,66
490,0,-1,-1
491,1,31,96
492,0,-1,-1
493,1,19,82
494,0,-1,-1
495,0,-1,-1
496,1,35,44
497,0,-1,-1
498,1,58,60
499,0,-1,-1
500,1,11,21
501,1,92,92
502,1,22,104
503,1,70,73
504,0,-1,-1
505,0,-1,-1
506,0,-1,-1
507,1,0,9
508,0,-1,-1
509,0,-1,-1
510,0,-1,-1
511,0,-1,-1
512,0,-1,-1
513,1,58,58
514,0,-1,-1
515,0,-1,-1
516,1,24,54
517,1,16,20
518,0,-1,-1
519,0,-1,-1
520,0,-1,-1
521,1,11,21
522,1,22,95
523,1,52,76
524,1,0,10
525,1,10,10
526,1,39,49
527,0,-1,-1
528,1,23,60
529,1,27,31
530,0,-1,-1
531,0,-1,-1
532,1,19,81
533,0,-1,-1
534,0,-1,-1
535,1,12,104
536,0,-1,-1
537,1,38,104
538,0,-1,-1
539,0,-1,-1
540,1,62,72
541,1,44,84
542,0,-1,-1
543,0,-1,-1
544,0,-1,-1
545,1,0,84
546,1,48,48
547,0,-1,-1
548,0,-1,-1
549,0,-1,-1
550,1,10,74
551,1,0,66
552,0,-1,-1
553,0,-1,-1
554,1,21,74
555,1,16,33
556,0,-1,-1
557,0,-1,-1
558,0,-1,-1
559,0,-1,-1
560,0,-1,-1
561,1,0,111
562,0,-1,-1
563,1,41,81
564,0,-1,-1
565,1,107,109
566,0,-1,-1
567,0,-1,-1
568,0,-1,-1
569,0,-1,-1
570,1,34,48
571,0,-1,-1
572,0,-1,-1
573,1,54,79
574,1,16,20
575,0,-1,-1
576,0,-1,-1
577,1,72,72
578,0,-1,-1
579,0,-1,-1
580,0,-1,-1
581,1,62,66
582,0,-1,-1
583,0,-1,-1
584,0,-1,-1
585,0,-1,-1
586,0,-1,-1
587,1,0,66
588,0,-1,-1
589,0,-1,-1
590,0,-1,-1
591,0,-1,-1
592,0,-1,-1
593,0,-1,-1
594,0,-1,-1
595,0,-1,-1
596,0,-1,-1
597,1,36,53
598,0,-1,-1
599,0,-1,-1
600,0,-1,-1
601,0,-1,-1
602,1,52,59
603,1,0,91
604,1,0,104
605,1,26,30
606,1,10,76
607,1,0,85
608,0,-1,-1
609,0,-1,-1
610,0,-1,-1
611,1,0,70
612,0,-1,-1
613,1,34,47
614,0,-1,-1
615,1,48,62
616,0,-1,-1
617,0,-1,-1
618,0,-1,-1
619,0,-1,-1
620,1,0,26
621,0,-1,-1
622,1,0,68
623,0,-1,-1
624,0,-1,-1
625,0,-1,-1
626,0,-1,-1
627,0,-1,-1
628,1,37,92
629,1,37,92
630,0,-1,-1
631,1,23,32
632,0,-1,-1
633,0,-1,-1
634,1,33,50
635,1,10,22
636,0,-1,-1
637,0,-1,-1
638,1,40,46
639,1,35,44
640,1,0,34
641,0,-1,-1
642,0,-1,-1
643,0,-1,-1
644,0,-1,-1
645,0,-1,-1
646,0,-1,-1
647,1,28,70
648,1,0,23
649,1,85,85
650,1,9,55
651,1,44,46
652,0,-1,-1
653,0,-1,-1
654,0,-1,-1
655,0,-1,-1
656,1,0,29
657,0,-1,-1
658,1,0,9
659,1,19,21
660,1,0,83
661,0,-1,-1
662,0,-1,-1
663,0,-1,-1
664,0,-1,-1
665,1,0,29
666,0,-1,-1
667,0,-1,-1
668,1,12,31
669,1,20,30
670,0,-1,-1
671,1,60,67
672,0,-1,-1
673,0,-1,-1
674,1,10,52
675,1,43,49
676,1,11,19
677,1,45,52
678,0,-1,-1
679,1,29,42
680,1,14,16
681,1,0,10
682,0,-1,-1
683,1,35,40
684,0,-1,-1
685,1,53,66
686,0,-1,-1
687,1,18,24
688,0,-1,-1
689,1,0,34
690,1,0,27
691,1,25,34
692,1,29,50
693,0,-1,-1
694,0,-1,-1
695,0,-1,-1
696,0,-1,-1
697,0,-1,-1
698,1,41,68
699,1,24,24
700,1,82,93
701,1,29,34
702,1,35,82
703,0,-1,-1
704,1,9,93
705,0,-1,-1
706,1,74,98
707,1,62,62
708,1,41,65
709,0,-1,-1
710,0,-1,-1
711,0,-1,-1
712,0,-1,-1
713,0,-1,-1
714,0,-1,-1
715,0,-1,-1
716,0,-1,-1
717,0,-1,-1
718,0,-1,-1
719,1,54,63
720,0,-1,-1
721,0,-1,-1
722,0,-1,-1
723,1,0,14
724,1,37,50
725,1,19,39
726,1,67,78
727,0,-1,-1
728,1,0,94
729,1,33,44
730,0,-1,-1
731,0,-1,-1
732,1,47,94
733,0,-1,-1
734,1,26,33
735,1,0,82
736,0,-1,-1
737,0,-1,-1
738,1,12,82
739,0,-1,-1
740,1,13,13
741,1,50,56
742,0,-1,-1
743,0,-1,-1
744,1,36,41
745,0,-1,-1
746,1,12,69
747,0,-1,-1
748,1,17,23
749,0,-1,-1
750,0,-1,-1
751,0,-1,-1
752,1,85,99
753,0,-1,-1
754,0,-1,-1
755,1,65,88
756,0,-1,-1
757,0,-1,-1
758,1,12,20
759,1,27,72
760,1,25,43
761,1,21,24
762,1,25,53
763,1,0,10
764,0,-1,-1
765,1,14,28
766,0,-1,-1
767,0,-1,-1
768,1,9,34
769,1,0,57
770,0,-1,-1
771,1,9,57
772,1,0,42
773,0,-1,-1
774,0,-1,-1
775,0,-1,-1
776,0,-1,-1
777,0,-1,-1
778,0,-1,-1
779,1,22,25
780,1,19,27
781,1,48,80
782,0,-1,-1
783,1,33,60
784,1,63,71
785,0,-1,-1
786,0,-1,-1
787,0,-1,-1
788,0,-1,-1
789,0,-1,-1
790,1,0,14
791,1,9,82
792,0,-1,-1
793,1,13,92
794,0,-1,-1
795,1,0,30
796,0,-1,-1
797,1,9,10
798,0,-1,-1
799,1,26,27
800,0,-1,-1
801,0,-1,-1
802,0,-1,-1
803,0,-1,-1
804,1,35,44
805,0,-1,-1
806,0,-1,-1
807,0,-1,-1
808,1,0,39
809,1,15,32
810,0,-1,-1
811,0,-1,-1
812,0,-1,-1
813,1,0,11
814,1,17,21
815,0,-1,-1
816,1,11,15
817,0,-1,-1
818,0,-1,-1
819,0,-1,-1
820,1,29,37
821,0,-1,-1
822,0,-1,-1
823,0,-1,-1
824,1,31,71
825,1,12,26
826,0,-1,-1
827,0,-1,-1
828,1,42,57
829,0,-1,-1
830,1,14,79
831,0,-1,-1
832,0,-1,-1
833,0,-1,-1
834,0,-1,-1
835,0,-1,-1
836,1,20,20
837,0,-1,-1
838,1,23,25
839,0,-1,-1
840,0,-1,-1
841,0,-1,-1
842,0,-1,-1
843,0,-1,-1
844,1,62,67
845,1,26,45
846,0,-1,-1
847,0,-1,-1
848,1,20,22
849,1,25,58
850,0,-1,-1
851,1,16,56
852,1,54,87
853,0,-1,-1
854,1,19,27
855,1,10,62
856,1,37,44
857,0,-1,-1
858,1,14,14
859,1,50,58
860,1,28,73
861,0,-1,-1
862,1,0,91
863,1,0,82
864,0,-1,-1
865,1,79,81
866,1,49,87
867,0,-1,-1
868,0,-1,-1
869,1,67,77
870,0,-1,-1
871,0,-1,-1
872,1,56,62
873,0,-1,-1
874,0,-1,-1
875,0,-1,-1
876,0,-1,-1
877,0,-1,-1
878,1,0,63
879,0,-1,-1
880,1,59,62
881,0,-1,-1
882,1,11,53
883,0,-1,-1
884,1,11,48
885,1,38,38
886,1,0,9
887,0,-1,-1
888,0,-1,-1
889,0,-1,-1
890,0,-1,-1
891,0,-1,-1
892,1,34,34
893,0,-1,-1
894,0,-1,-1
895,1,22,29
896,1,36,47
897,1,23,93
898,0,-1,-1
899,0,-1,-1
900,0,-1,-1
901,0,-1,-1
902,0,-1,-1
903,1,28,77
904,0,-1,-1
905,0,-1,-1
906,1,18,26
907,1,66,77
908,0,-1,-1
909,0,-1,-1
910,0,-1,-1
911,1,65,72
912,1,39,92
913,1,18,25
914,1,14,92
915,0,-1,-1
916,1,37,92
917,0,-1,-1
918,0,-1,-1
919,0,-1,-1
920,0,-1,-1
921,1,28,44
922,0,-1,-1
923,1,56,56
924,0,-1,-1
925,1,14,53
926,0,-1,-1
927,0,-1,-1
928,1,0,19
929,1,13,77
930,0,-1,-1
931,0,-1,-1
932,1,18,79
933,1,21,35
934,0,-1,-1
935,1,58,59
936,1,54,56
937,0,-1,-1
938,1,69,77
939,0,-1,-1
940,0,-1,-1
941,0,-1,-1
942,0,-1,-1
943,0,-1,-1
944,0,-1,-1
945,1,36,46
946,1,20,31
947,1,62,79
948,0,-1,-1
949,1,44,54
950,1,0,71
951,1,32,50
952,0,-1,-1
953,0,-1,-1
954,0,-1,-1
955,0,-1,-1
956,0,-1,-1
957,1,14,45
958,0,-1,-1
959,0,-1,-1
960,1,15,16
961,0,-1,-1
962,0,-1,-1
963,1,31,45
964,0,-1,-1
965,1,0,12
966,0,-1,-1
967,1,19,23
968,0,-1,-1
969,0,-1,-1
970,0,-1,-1
971,1,10,16
972,1,18,43
973,0,-1,-1
974,1,0,43
975,1,0,100
976,1,0,100
977,0,-1,-1
978,0,-1,-1
979,1,9,88
980,0,-1,-1
981,0,-1,-1
982,0,-1,-1
983,0,-1,-1
984,0,-1,-1
985,0,-1,-1
986,0,-1,-1
987,1,64,64
988,1,32,42
989,0,-1,-1
990,1,20,22
991,0,-1,-1
992,0,-1,-1
993,0,-1,-1
994,1,53,53
995,0,-1,-1
996,0,-1,-1
997,0,-1,-1
998,1,9,88
999,1,0,132
1000,0,-1,-1
1001,0,-1,-1
1002,1,87,106
1003,0,-1,-1
1004,0,-1,-1
1005,0,-1,-1
1006,1,28,44
1007,1,27,28
1008,0,-1,-1
1009,0,-1,-1
1010,1,12,16
1011,0,-1,-1
1012,0,-1,-1
1013,0,-1,-1
1014,0,-1,-1
1015,0,-1,-1
1016,0,-1,-1
1017,0,-1,-1
1018,0,-1,-1
1019,1,40,51
1020,0,-1,-1
1021,0,-1,-1
1022,1,19,25
1023,0,-1,-1
1024,0,-1,-1
1025,1,81,81
1026,0,-1,-1
1027,0,-1,-1
1028,0,-1,-1
1029,0,-1,-1
1030,0,-1,-1
1031,0,-1,-1
1032,0,-1,-1
1033,1,20,25
1034,0,-1,-1
1035,0,-1,-1
1036,1,28,35
1037,1,41,49
1038,1,10,28
1039,1,36,37
1040,0,-1,-1
1041,0,-1,-1
1042,0,-1,-1
1043,0,-1,-1
1044,0,-1,-1
1045,0,-1,-1
1046,0,-1,-1
1047,0,-1,-1
1048,1,35,45
1049,0,-1,-1
1050,1,11,26
1051,0,-1,-1
1052,1,29,36
1053,0,-1,-1
1054,0,-1,-1
1055,0,-1,-1
1056,1,80,96
1057,0,-1,-1
1058,1,65,75
1059,0,-1,-1
1060,1,0,56
1061,0,-1,-1
1062,1,78,95
1063,0,-1,-1
1064,0,-1,-1
1065,0,-1,-1
1066,0,-1,-1
1067,0,-1,-1
1068,1,12,41
1069,1,17,58
1070,0,-1,-1
1071,0,-1,-1
1072,0,-1,-1
1073,0,-1,-1
1074,1,24,24
1075,1,25,27
1076,0,-1,-1
1077,1,50,50
1078,0,-1,-1
1079,0,-1,-1
1080,0,-1,-1
1081,0,-1,-1
1082,1,29,32
1083,1,37,44
1084,0,-1,-1
1085,0,-1,-1
1086,0,-1,-1
1087,0,-1,-1
1088,1,19,26
1089,0,-1,-1
1090,1,0,31
1091,1,40,46
1092,1,10,28
1093,0,-1,-1
1094,1,9,17
1095,1,60,65
1096,0,-1,-1
1097,0,-1,-1
1098,0,-1,-1
1099,0,-1,-1
1100,1,10,35
1101,1,22,26
1102,0,-1,-1
1103,0,-1,-1
1104,1,9,77
1105,0,-1,-1
1106,0,-1,-1
1107,0,-1,-1
1108,1,60,68
1109,1,35,115
1110,1,23,29
1111,1,38,53
1112,0,-1,-1
1113,0,-1,-1
1114,0,-1,-1
1115,1,0,17
1116,0,-1,-1
1117,0,-1,-1
1118,1,0,72
1119,1,0,82
1120,0,-1,-1
1121,1,0,40
1122,1,51,69
1123,1,45,49
1124,0,-1,-1
1125,0,-1,-1
1126,0,-1,-1
1127,0,-1,-1
1128,0,-1,-1
1129,0,-1,-1
1130,1,23,27
1131,1,15,21
1132,0,-1,-1
1133,1,21,21
1134,1,0,13
1135,0,-1,-1
1136,0,-1,-1
1137,0,-1,-1
1138,0,-1,-1
1139,0,-1,-1
1140,0,-1,-1
1141,0,-1,-1
1142,1,0,19
1143,1,20,27
1144,0,-1,-1
1145,1,0,19
1146,1,10,59
1147,0,-1,-1
1148,0,-1,-1
1149,1,19,39
1150,0,-1,-1
1151,0,-1,-1
1152,0,-1,-1
1153,1,27,32
1154,0,-1,-1
1155,0,-1,-1
1156,1,11,62
1157,0,-1,-1
1158,1,0,71
1159,1,0,62
1160,1,23,23
1161,1,19,53
1162,0,-1,-1
1163,1,0,55
1164,0,-1,-1
1165,0,-1,-1
1166,1,0,56
1167,0,-1,-1
1168,1,62,65
1169,0,-1,-1
1170,1,46,53
1171,0,-1,-1
1172,0,-1,-1
1173,1,0,44
1174,0,-1,-1
1175,0,-1,-1
1176,0,-1,-1
1177,0,-1,-1
1178,1,32,42
1179,0,-1,-1
1180,0,-1,-1
1181,1,0,10
1182,1,30,44
1183,0,-1,-1
1184,0,-1,-1
1185,0,-1,-1
1186,1,62,100
1187,1,11,127
1188,1,35,60
1189,1,48,119
1190,0,-1,-1
1191,1,0,155
1192,0,-1,-1
1193,0,-1,-1
1194,0,-1,-1
1195,0,-1,-1
1196,0,-1,-1
1197,1,24,72
1198,0,-1,-1
1199,1,9,79
1200,0,-1,-1
1201,0,-1,-1
1202,1,44,59
1203,1,22,81
1204,1,35,45
1205,1,9,20
1206,0,-1,-1
1207,1,46,55
1208,0,-1,-1
1209,0,-1,-1
1210,0,-1,-1
1211,0,-1,-1
1212,1,72,72
1213,0,-1,-1
1214,0,-1,-1
1215,0,-1,-1
1216,0,-1,-1
1217,0,-1,-1
1218,0,-1,-1
1219,0,-1,-1
1220,1,41,44
1221,0,-1,-1
1222,0,-1,-1
1223,0,-1,-1
1224,0,-1,-1
1225,1,0,65
1226,1,33,76
1227,0,-1,-1
1228,0,-1,-1
1229,1,73,81
1230,1,52,69
1231,0,-1,-1
1232,1,81,91
1233,0,-1,-1
1234,0,-1,-1
1235,0,-1,-1
1236,1,56,82
1237,1,55,90
1238,1,23,55
1239,1,86,103
1240,1,0,11
1241,0,-1,-1
1242,1,56,56
1243,1,42,47
1244,0,-1,-1
1245,0,-1,-1
1246,0,-1,-1
1247,0,-1,-1
1248,1,9,9
1249,0,-1,-1
1250,0,-1,-1
1251,1,11,94
1252,1,0,113
1253,1,0,99
1254,0,-1,-1
1255,0,-1,-1
1256,1,41,65
1257,0,-1,-1
1258,0,-1,-1
1259,0,-1,-1
1260,0,-1,-1
1261,0,-1,-1
1262,1,16,113
1263,0,-1,-1
1264,0,-1,-1
1265,0,-1,-1
1266,0,-1,-1
1267,0,-1,-1
1268,0,-1,-1
1269,0,-1,-1
1270,1,9,85
1271,1,137,144
1272,1,30,75
1273,0,-1,-1
1274,1,83,152
1275,0,-1,-1
1276,1,12,12
1277,0,-1,-1
1278,1,53,55
1279,0,-1,-1
1280,1,31,38
1281,1,31,69
1282,0,-1,-1
1283,1,16,30
1284,0,-1,-1
1285,0,-1,-1
1286,0,-1,-1
1287,1,16,82
1288,1,0,8
1289,0,-1,-1
1290,0,-1,-1
1291,0,-1,-1
1292,0,-1,-1
1293,0,-1,-1
1294,0,-1,-1
1295,0,-1,-1
1296,0,-1,-1
1297,1,43,52
1298,1,0,16
1299,1,0,53
1300,0,-1,-1
1301,0,-1,-1
1302,1,19,37
1303,0,-1,-1
1304,0,-1,-1
1305,1,0,15
1306,0,-1,-1
1307,1,26,39
1308,0,-1,-1
1309,0,-1,-1
1310,1,15,15
1311,0,-1,-1
1312,0,-1,-1
1313,1,0,13
1314,1,27,53
1315,0,-1,-1
1316,0,-1,-1
1317,0,-1,-1
1318,1,55,55
1319,1,0,49
1320,1,59,62
1321,0,-1,-1
1322,1,70,81
1323,0,-1,-1
1324,0,-1,-1
1325,1,24,32
1326,1,81,81
1327,0,-1,-1
1328,1,0,34
1329,0,-1,-1
1330,0,-1,-1
1331,1,0,72
1332,0,-1,-1
1333,0,-1,-1
1334,0,-1,-1
1335,1,0,20
1336,1,24,24
1337,0,-1,-1
1338,0,-1,-1
1339,1,9,21
1340,0,-1,-1
1341,0,-1,-1
1342,1,21,23
1343,1,19,26
1344,0,-1,-1
1345,0,-1,-1
1346,1,25,26
1347,0,-1,-1
1348,1,16,22
1349,1,31,38
1350,0,-1,-1
1351,0,-1,-1
1352,0,-1,-1
1353,1,11,127
1354,0,-1,-1
1355,0,-1,-1
1356,0,-1,-1
1357,0,-1,-1
1358,1,0,130
1359,0,-1,-1
1360,0,-1,-1
1361,0,-1,-1
1362,0,-1,-1
1363,0,-1,-1
1364,1,12,53
1365,0,-1,-1
1366,1,80,105
1367,1,49,69
1368,0,-1,-1
1369,1,11,46
1370,1,50,132
1371,1,38,43
1372,1,30,43
1373,1,11,43
1374,1,10,24
1375,0,-1,-1
1376,0,-1,-1
1377,1,0,63
1378,0,-1,-1
1379,0,-1,-1
1380,0,-1,-1
1381,0,-1,-1
1382,1,33,48
1383,0,-1,-1
1384,0,-1,-1
1385,0,-1,-1
1386,0,-1,-1
1387,1,0,64
1388,0,-1,-1
1389,0,-1,-1
1390,1,42,42
1391,1,0,64
1392,0,-1,-1
1393,1,24,27
1394,1,0,79
1395,1,32,34
1396,0,-1,-1
1397,1,55,70
1398,0,-1,-1
1399,1,40,79
1400,0,-1,-1
1401,0,-1,-1
1402,1,0,79
1403,0,-1,-1
1404,0,-1,-1
1405,0,-1,-1
1406,1,84,87
1407,0,-1,-1
1408,0,-1,-1
1409,0,-1,-1
1410,0,-1,-1
1411,0,-1,-1
1412,0,-1,-1
1413,1,0,83
1414,1,51,112
1415,0,-1,-1
1416,1,0,78
1417,1,52,63
1418,0,-1,-1
1419,0,-1,-1
1420,0,-1,-1
1421,0,-1,-1
1422,1,0,86
1423,0,-1,-1
1424,1,65,74
1425,0,-1,-1
1426,0,-1,-1
1427,1,18,24
1428,0,-1,-1
1429,1,0,107
1430,0,-1,-1
1431,1,0,35
1432,0,-1,-1
1433,0,-1,-1
1434,1,9,35
1435,0,-1,-1
1436,1,49,88
1437,0,-1,-1
1438,1,17,99
1439,0,-1,-1
1440,0,-1,-1
1441,0,-1,-1
1442,1,43,50
1443,0,-1,-1
1444,0,-1,-1
1445,1,0,19
1446,0,-1,-1
1447,1,20,27
1448,0,-1,-1
1449,1,10,89
1450,1,33,38
1451,0,-1,-1
1452,0,-1,-1
1453,0,-1,-1
1454,0,-1,-1
1455,1,22,22
1456,0,-1,-1
1457,0,-1,-1
1458,1,10,29
1459,0,-1,-1
1460,0,-1,-1
1461,0,-1,-1
1462,1,30,34
1463,1,0,28
1464,0,-1,-1
1465,0,-1,-1
1466,0,-1,-1
1467,1,14,25
1468,1,44,55
1469,0,-1,-1
1470,1,0,13
1471,1,9,13
1472,0,-1,-1
1473,1,34,40
1474,0,-1,-1
1475,0,-1,-1
1476,0,-1,-1
1477,1,20,32
1478,0,-1,-1
1479,0,-1,-1
1480,0,-1,-1
1481,0,-1,-1
1482,0,-1,-1
1483,1,20,106
1484,0,-1,-1
1485,1,107,109
1486,1,60,93
1487,0,-1,-1
1488,1,24,36
1489,1,59,65
1490,0,-1,-1
1491,1,54,56
1492,1,17,78
1493,1,39,45
1494,0,-1,-1
1495,0,-1,-1
1496,0,-1,-1
1497,1,13,13
1498,1,24,32
1499,0,-1,-1
1500,0,-1,-1
1501,1,48,64
1502,1,24,64
1503,0,-1,-1
1504,0,-1,-1
1505,0,-1,-1
1506,0,-1,-1
1507,1,31,31
1508,0,-1,-1
1509,0,-1,-1
1510,0,-1,-1
1511,0,-1,-1
1512,1,33,35
1513,1,43,53
1514,1,18,43
1515,0,-1,-1
1516,1,19,26
1517,0,-1,-1
1518,0,-1,-1
1519,0,-1,-1
1520,0,-1,-1
1521,0,-1,-1
1522,0,-1,-1
1523,1,19,20
1524,0,-1,-1
1525,1,0,19
1526,0,-1,-1
1527,1,12,17
1528,0,-1,-1
1529,1,10,15
1530,1,18,20
1531,0,-1,-1
1532,0,-1,-1
1533,1,17,32
1534,0,-1,-1
1535,0,-1,-1
1536,0,-1,-1
1537,0,-1,-1
1538,0,-1,-1
1539,0,-1,-1
1540,0,-1,-1
1541,1,101,103
1542,0,-1,-1
1543,1,52,67
1544,0,-1,-1
1545,0,-1,-1
1546,1,86,95
1547,0,-1,-1
1548,1,9,97
1549,1,56,72
1550,0,-1,-1
1551,0,-1,-1
1552,1,25,59
1553,0,-1,-1
1554,0,-1,-1
1555,1,9,9
1556,1,0,39
1557,0,-1,-1
1558,1,0,60
1559,0,-1,-1
1560,0,-1,-1
1561,1,48,54
1562,1,30,70
1563,0,-1,-1
1564,0,-1,-1
1565,1,0,9
1566,1,0,16
1567,0,-1,-1
1568,0,-1,-1
1569,0,-1,-1
1570,0,-1,-1
1571,1,40,40
1572,0,-1,-1
1573,1,0,62
1574,1,0,70
1575,0,-1,-1
1576,0,-1,-1
1577,1,15,35
1578,0,-1,-1
1579,0,-1,-1
1580,1,9,35
1581,0,-1,-1
1582,0,-1,-1
1583,1,0,12
1584,0,-1,-1
1585,1,12,85
1586,1,21,25
1587,0,-1,-1
1588,1,0,85
1589,1,11,66
1590,0,-1,-1
1591,0,-1,-1
1592,0,-1,-1
1593,1,70,70
1594,0,-1,-1
1595,0,-1,-1
1596,1,20,58
1597,1,60,61
1598,1,9,41
1599,0,-1,-1
1600,0,-1,-1
1601,0,-1,-1
1602,0,-1,-1
1603,0,-1,-1
1604,1,0,73
1605,1,11,63
1606,0,-1,-1
1607,1,47,73
1608,0,-1,-1
1609,0,-1,-1
1610,0,-1,-1
1611,0,-1,-1
1612,0,-1,-1
1613,0,-1,-1
1614,0,-1,-1
1615,0,-1,-1
1616,0,-1,-1
1617,0,-1,-1
1618,0,-1,-1
1619,0,-1,-1
1620,0,-1,-1
1621,0,-1,-1
1622,0,-1,-1
1623,0,-1,-1
1624,0,-1,-1
1625,0,-1,-1
1626,0,-1,-1
1627,1,28,70
1628,0,-1,-1
1629,0,-1,-1
1630,1,59,66
1631,0,-1,-1
1632,1,29,35
1633,0,-1,-1
1634,0,-1,-1
1635,1,58,66
1636,0,-1,-1
1637,1,0,27
1638,0,-1,-1
1639,0,-1,-1
1640,0,-1,-1
1641,0,-1,-1
1642,0,-1,-1
1643,1,0,28
1644,1,10,21
1645,0,-1,-1
1646,0,-1,-1
1647,0,-1,-1
1648,0,-1,-1
1649,1,0,8
1650,0,-1,-1
1651,1,20,29
1652,0,-1,-1
1653,0,-1,-1
1654,0,-1,-1
1655,0,-1,-1
1656,0,-1,-1
1657,0,-1,-1
1658,1,0,10
1659,0,-1,-1
1660,0,-1,-1
1661,1,50,62
1662,0,-1,-1
1663,0,-1,-1
1664,0,-1,-1
1665,0,-1,-1
1666,0,-1,-1
1667,0,-1,-1
1668,0,-1,-1
1669,1,22,65
1670,0,-1,-1
1671,0,-1,-1
1672,0,-1,-1
1673,0,-1,-1
1674,1,49,63
1675,1,0,41
1676,1,64,64
1677,1,0,124
1678,0,-1,-1
1679,1,0,132
1680,1,81,99
1681,0,-1,-1
1682,0,-1,-1
1683,0,-1,-1
1684,1,117,125
1685,0,-1,-1
1686,1,69,125
1687,1,12,90
1688,0,-1,-1
1689,0,-1,-1
1690,1,15,100
1691,1,9,17
1692,0,-1,-1
1693,1,0,8
1694,0,-1,-1
1695,1,19,33
1696,1,34,58
1697,0,-1,-1
1698,0,-1,-1
1699,1,0,18
1700,1,37,47
1701,1,23,30
1702,0,-1,-1
1703,1,26,106
1704,0,-1,-1
1705,0,-1,-1
1706,1,25,104
1707,1,10,106
1708,1,50,100
1709,1,77,96
1710,0,-1,-1
1711,0,-1,-1
1712,0,-1,-1
1713,0,-1,-1
1714,0,-1,-1
1715,0,-1,-1
1716,0,-1,-1
1717,0,-1,-1
1718,0,-1,-1
1719,1,0,9
1720,1,0,20
1721,0,-1,-1
1722,0,-1,-1
1723,0,-1,-1
1724,0,-1,-1
1725,1,19,64
1726,1,0,14
1727,1,24,64
1728,1,22,56
1729,0,-1,-1
1730,0,-1,-1
1731,0,-1,-1
1732,0,-1,-1
1733,0,-1,-1
1734,1,11,13
1735,1,17,34
1736,0,-1,-1
1737,0,-1,-1
1738,0,-1,-1
1739,0,-1,-1
1740,0,-1,-1
1741,0,-1,-1
1742,0,-1,-1
1743,1,15,128
1744,0,-1,-1
1745,0,-1,-1
1746,0,-1,-1
1747,0,-1,-1
1748,1,83,83
1749,0,-1,-1
1750,1,89,99
1751,0,-1,-1
1752,0,-1,-1
1753,1,34,51
1754,0,-1,-1
1755,0,-1,-1
1756,1,0,11
1757,0,-1,-1
1758,0,-1,-1
1759,0,-1,-1
1760,0,-1,-1
1761,0,-1,-1
1762,0,-1,-1
1763,0,-1,-1
1764,0,-1,-1
1765,1,38,44
1766,0,-1,-1
1767,0,-1,-1
1768,0,-1,-1
1769,1,69,76
1770,1,45,67
1771,0,-1,-1
1772,1,13,25
1773,0,-1,-1
1774,1,55,55
1775,1,56,69
1776,0,-1,-1
1777,0,-1,-1
1778,0,-1,-1
1779,0,-1,-1
1780,0,-1,-1
1781,1,10,44
1782,0,-1,-1
1783,0,-1,-1
1784,1,0,16
1785,1,0,21
1786,0,-1,-1
1787,0,-1,-1
1788,0,-1,-1
1789,0,-1,-1
1790,0,-1,-1
1791,0,-1,-1
1792,0,-1,-1
1793,0,-1,-1
1794,1,25,25
1795,1,16,19
1796,0,-1,-1
1797,0,-1,-1
1798,1,15,47
1799,0,-1,-1
1800,1,41,55
1801,1,30,65
1802,1,27,49
1803,1,0,42
1804,0,-1,-1
1805,0,-1,-1
1806,1,22,23
1807,0,-1,-1
1808,0,-1,-1
1809,1,9,89
1810,0,-1,-1
1811,1,105,118
1812,1,130,146
1813,1,47,77
1814,1,93,94
1815,1,28,130
1816,1,9,146
1817,0,-1,-1
1818,0,-1,-1
1819,0,-1,-1
1820,0,-1,-1
1821,0,-1,-1
1822,1,83,108
1823,1,133,149
1824,1,52,130
1825,0,-1,-1
1826,1,23,35
1827,0,-1,-1
1828,0,-1,-1
1829,0,-1,-1
1830,0,-1,-1
1831,0,-1,-1
1832,1,0,105
1833,1,0,85
1834,1,46,119
1835,0,-1,-1
1836,0,-1,-1
1837,0,-1,-1
1838,0,-1,-1
1839,0,-1,-1
1840,0,-1,-1
1841,0,-1,-1
1842,1,13,121
1843,0,-1,-1
1844,0,-1,-1
1845,1,18,127
1846,0,-1,-1
1847,0,-1,-1
1848,1,9,82
1849,1,16,127
1850,1,44,118
1851,0,-1,-1
1852,1,16,39
1853,1,16,37
1854,1,97,102
1855,0,-1,-1
1856,0,-1,-1
1857,0,-1,-1
1858,0,-1,-1
1859,0,-1,-1
1860,0,-1,-1
1861,0,-1,-1
1862,1,71,132
1863,0,-1,-1
1864,1,0,155
1865,0,-1,-1
1866,1,65,70
1867,0,-1,-1
1868,0,-1,-1
1869,0,-1,-1
1870,0,-1,-1
1871,0,-1,-1
1872,0,-1,-1
1873,1,0,84
1874,1,50,50
1875,0,-1,-1
1876,0,-1,-1
1877,0,-1,-1
1878,0,-1,-1
1879,0,-1,-1
1880,1,0,23
1881,0,-1,-1
1882,1,40,53
1883,1,46,53
1884,1,11,39
1885,0,-1,-1
1886,1,9,33
1887,1,40,48
1888,0,-1,-1
1889,0,-1,-1
1890,0,-1,-1
1891,0,-1,-1
1892,1,18,22
1893,1,0,82
1894,0,-1,-1
1895,0,-1,-1
1896,0,-1,-1
1897,1,44,56
1898,0,-1,-1
1899,0,-1,-1
1900,1,14,56
1901,1,32,38
1902,0,-1,-1
1903,0,-1,-1
1904,0,-1,-1
1905,1,20,27
1906,0,-1,-1
1907,0,-1,-1
1908,1,16,39
1909,0,-1,-1
1910,0,-1,-1
1911,1,12,15
1912,0,-1,-1
1913,0,-1,-1
1914,1,0,77
1915,0,-1,-1
1916,1,70,77
1917,1,16,61
1918,0,-1,-1
1919,1,43,54
1920,0,-1,-1
1921,0,-1,-1
1922,1,32,40
1923,1,9,55
1924,0,-1,-1
1925,1,39,39
1926,1,0,51
1927,1,56,58
1928,1,11,42
1929,0,-1,-1
1930,1,35,41
1931,1,56,66
1932,0,-1,-1
1933,0,-1,-1
1934,1,21,26
1935,0,-1,-1
1936,0,-1,-1
1937,1,24,72
1938,0,-1,-1
1939,1,0,17
1940,0,-1,-1
1941,0,-1,-1
1942,1,31,81
1943,0,-1,-1
1944,0,-1,-1
1945,0,-1,-1
1946,0,-1,-1
1947,0,-1,-1
1948,1,0,20
1949,1,0,70
1950,0,-1,-1
1951,0,-1,-1
1952,0,-1,-1
1953,1,51,56
1954,0,-1,-1
1955,1,0,48
1956,1,12,19
1957,0,-1,-1
1958,0,-1,-1
1959,0,-1,-1
1960,1,22,32
1961,0,-1,-1
1962,0,-1,-1
1963,1,11,55
1964,1,46,46
1965,1,74,103
1966,0,-1,-1
1967,0,-1,-1
1968,0,-1,-1
1969,0,-1,-1
1970,1,18,20
1971,0,-1,-1
1972,1,51,67
1973,0,-1,-1
1974,0,-1,-1
1975,1,9,44
1976,0,-1,-1
1977,0,-1,-1
1978,0,-1,-1
1979,1,30,34
1980,0,-1,-1
1981,1,126,137
1982,0,-1,-1
1983,1,28,124
1984,1,78,110
1985,1,86,103
1986,1,0,28
1987,1,45,120
1988,0,-1,-1
1989,0,-1,-1
1990,0,-1,-1
1991,0,-1,-1
1992,1,0,48
1993,0,-1,-1
1994,0,-1,-1
1995,0,-1,-1
1996,1,46,56
1997,0,-1,-1
1998,1,40,43
1999,1,9,63
2000,0,-1,-1
2001,1,0,27
2002,1,20,44
2003,1,11,19
2004,0,-1,-1
2005,1,13,69
2006,0,-1,-1
2007,1,0,43
2008,0,-1,-1
2009,0,-1,-1
2010,1,33,94
2011,0,-1,-1
2012,0,-1,-1
2013,1,0,25
2014,0,-1,-1
2015,0,-1,-1
2016,1,25,43
2017,0,-1,-1
2018,0,-1,-1
2019,0,-1,-1
2020,0,-1,-1
2021,0,-1,-1
2022,0,-1,-1
2023,0,-1,-1
2024,1,0,8
2025,0,-1,-1
2026,0,-1,-1
2027,0,-1,-1
2028,0,-1,-1
2029,0,-1,-1
2030,0,-1,-1
2031,1,31,142
2032,0,-1,-1
2033,0,-1,-1
2034,0,-1,-1
2035,1,47,48
2036,0,-1,-1
2037,0,-1,-1
2038,0,-1,-1
2039,0,-1,-1
2040,0,-1,-1
2041,1,33,42
2042,0,-1,-1
2043,0,-1,-1
2044,1,0,93
2045,0,-1,-1
2046,0,-1,-1
2047,0,-1,-1
2048,0,-1,-1
2049,0,-1,-1
2050,1,30,68
2051,1,15,16
2052,0,-1,-1
2053,0,-1,-1
2054,1,0,77
2055,0,-1,-1
2056,0,-1,-1
2057,0,-1,-1
2058,0,-1,-1
2059,0,-1,-1
2060,0,-1,-1
2061,0,-1,-1
2062,1,15,65
2063,1,19,77
2064,0,-1,-1
2065,0,-1,-1
2066,0,-1,-1
2067,0,-1,-1
2068,1,0,29
2069,0,-1,-1
2070,0,-1,-1
2071,0,-1,-1
2072,0,-1,-1
2073,0,-1,-1
2074,1,80,89
2075,0,-1,-1
2076,0,-1,-1
2077,0,-1,-1
2078,0,-1,-1
2079,1,15,88
2080,1,0,15
2081,1,47,59
2082,1,91,104
2083,0,-1,-1
2084,1,12,12
2085,0,-1,-1
2086,0,-1,-1
2087,0,-1,-1
2088,1,15,16
2089,1,35,59
2090,1,15,97
2091,1,0,67
2092,0,-1,-1
2093,1,37,37
2094,1,56,74
2095,1,25,25
2096,0,-1,-1
2097,0,-1,-1
2098,1,24,36
2099,0,-1,-1
2100,0,-1,-1
2101,1,13,67
2102,1,19,65
2103,0,-1,-1
2104,0,-1,-1
2105,0,-1,-1
2106,1,68,70
2107,1,91,104
2108,1,29,40
2109,1,16,93
2110,1,11,15
2111,1,49,65
2112,0,-1,-1
2113,0,-1,-1
2114,1,18,46
2115,0,-1,-1
2116,1,0,11
2117,1,11,15
2118,0,-1,-1
2119,0,-1,-1
2120,1,47,56
2121,0,-1,-1
2122,0,-1,-1
2123,1,105,113
2124,0,-1,-1
2125,1,68,69
2126,0,-1,-1
2127,1,40,46
2128,1,0,93
2129,1,9,21
2130,1,0,80
2131,0,-1,-1
2132,0,-1,-1
2133,0,-1,-1
2134,0,-1,-1
2135,0,-1,-1
2136,0,-1,-1
2137,1,40,47
2138,0,-1,-1
2139,0,-1,-1
2140,1,42,47
2141,0,-1,-1
2142,0,-1,-1
2143,0,-1,-1
2144,0,-1,-1
2145,0,-1,-1
2146,0,-1,-1
2147,0,-1,-1
2148,1,0,44
2149,0,-1,-1
2150,1,0,10
2151,0,-1,-1
2152,1,10,12
2153,0,-1,-1
2154,0,-1,-1
2155,0,-1,-1
2156,0,-1,-1
2157,0,-1,-1
2158,0,-1,-1
2159,1,34,44
2160,0,-1,-1
2161,0,-1,-1
2162,1,0,9
2163,1,0,32
2164,0,-1,-1
2165,0,-1,-1
2166,0,-1,-1
2167,0,-1,-1
2168,0,-1,-1
2169,0,-1,-1
2170,0,-1,-1
2171,0,-1,-1
2172,0,-1,-1
2173,0,-1,-1
2174,1,59,70
2175,0,-1,-1
2176,0,-1,-1
2177,0,-1,-1
2178,0,-1,-1
2179,0,-1,-1
2180,0,-1,-1
2181,1,9,9
2182,1,44,44
2183,0,-1,-1
2184,0,-1,-1
2185,0,-1,-1
2186,0,-1,-1
2187,0,-1,-1
2188,0,-1,-1
2189,0,-1,-1
2190,0,-1,-1
2191,0,-1,-1
2192,0,-1,-1
2193,0,-1,-1
2194,0,-1,-1
2195,0,-1,-1
2196,0,-1,-1
2197,1,33,44
2198,0,-1,-1
2199,0,-1,-1
2200,0,-1,-1
2201,0,-1,-1
2202,1,24,28
2203,0,-1,-1
2204,1,0,58
2205,0,-1,-1
2206,0,-1,-1
2207,1,19,24
2208,1,26,90
2209,0,-1,-1
2210,1,0,87
2211,1,68,85
2212,0,-1,-1
2213,0,-1,-1
2214,0,-1,-1
2215,0,-1,-1
2216,1,0,78
2217,0,-1,-1
2218,0,-1,-1
2219,0,-1,-1
2220,0,-1,-1
2221,1,35,78
2222,0,-1,-1
2223,0,-1,-1
2224,0,-1,-1
2225,0,-1,-1
2226,1,42,51
2227,1,0,12
2228,0,-1,-1
2229,1,27,52
2230,0,-1,-1
2231,1,13,13
2232,1,13,18
2233,0,-1,-1
2234,1,59,66
2235,0,-1,-1
2236,1,21,33
2237,1,39,48
2238,0,-1,-1
2239,1,59,68
2240,0,-1,-1
2241,1,0,78
2242,1,12,51
2243,0,-1,-1
2244,0,-1,-1
2245,1,0,86
2246,0,-1,-1
2247,1,108,131
2248,0,-1,-1
2249,1,106,148
2250,1,0,11
2251,1,19,23
2252,1,134,148
2253,0,-1,-1
2254,0,-1,-1
2255,0,-1,-1
2256,0,-1,-1
2257,0,-1,-1
2258,1,52,60
2259,1,19,51
2260,0,-1,-1
2261,0,-1,-1
2262,0,-1,-1
2263,1,20,20
2264,1,0,66
2265,0,-1,-1
2266,1,37,50
2267,1,0,68
2268,1,72,79
2269,0,-1,-1
2270,0,-1,-1
2271,0,-1,-1
2272,0,-1,-1
2273,0,-1,-1
2274,1,0,56
2275,0,-1,-1
2276,1,19,37
2277,1,38,56
2278,0,-1,-1
2279,1,31,31
2280,0,-1,-1
2281,0,-1,-1
2282,0,-1,-1
2283,1,47,66
2284,0,-1,-1
2285,0,-1,-1
2286,1,14,61
2287,0,-1,-1
2288,0,-1,-1
2289,1,41,89
2290,0,-1,-1
2291,0,-1,-1
2292,0,-1,-1
2293,0,-1,-1
2294,1,9,12
2295,0,-1,-1
2296,0,-1,-1
2297,1,14,67
2298,0,-1,-1
2299,0,-1,-1
2300,1,94,104
2301,0,-1,-1
2302,0,-1,-1
2303,1,23,52
2304,1,14,83
2305,1,0,10
2306,0,-1,-1
2307,1,112,141
2308,0,-1,-1
2309,0,-1,-1
2310,0,-1,-1
2311,0,-1,-1
2312,1,26,92
2313,1,45,67
2314,1,0,28
2315,1,70,81
2316,0,-1,-1
2317,1,46,92
2318,1,0,110
2319,0,-1,-1
2320,0,-1,-1
2321,0,-1,-1
2322,1,0,110
2323,0,-1,-1
2324,0,-1,-1
2325,0,-1,-1
2326,0,-1,-1
2327,0,-1,-1
2328,1,74,95
2329,1,95,95
2330,0,-1,-1
2331,1,93,99
2332,1,0,145
2333,0,-1,-1
2334,0,-1,-1
2335,1,52,57
2336,0,-1,-1
2337,0,-1,-1
2338,0,-1,-1
2339,0,-1,-1
2340,0,-1,-1
2341,0,-1,-1
2342,0,-1,-1
2343,0,-1,-1
2344,0,-1,-1
2345,0,-1,-1
2346,1,9,14
2347,0,-1,-1
2348,1,22,39
2349,1,29,29
2350,1,9,39
2351,0,-1,-1
2352,0,-1,-1
2353,1,0,31
2354,1,9,39
2355,0,-1,-1
2356,0,-1,-1
2357,1,19,31
2358,1,0,19
2359,1,12,54
2360,1,19,21
2361,1,91,91
2362,0,-1,-1
2363,1,35,76
2364,0,-1,-1
2365,1,0,92
2366,1,41,62
2367,1,54,54
2368,0,-1,-1
2369,1,0,47
2370,0,-1,-1
2371,0,-1,-1
2372,0,-1,-1
2373,0,-1,-1
2374,1,26,26
2375,1,23,27
2376,1,64,71
2377,1,9,11
2378,0,-1,-1
2379,0,-1,-1
2380,1,21,30
2381,0,-1,-1
2382,0,-1,-1
2383,1,33,39
2384,0,-1,-1
2385,0,-1,-1
2386,0,-1,-1
2387,0,-1,-1
2388,0,-1,-1
2389,0,-1,-1
2390,1,10,46
2391,0,-1,-1
2392,0,-1,-1
2393,1,0,11
2394,0,-1,-1
2395,1,17,46
2396,0,-1,-1
2397,1,0,31
2398,0,-1,-1
2399,0,-1,-1
2400,1,11,54
2401,1,37,47
2402,0,-1,-1
2403,0,-1,-1
2404,0,-1,-1
2405,0,-1,-1
2406,1,25,29
2407,0,-1,-1
2408,0,-1,-1
2409,0,-1,-1
2410,0,-1,-1
2411,1,32,39
2412,0,-1,-1
2413,1,56,81
2414,0,-1,-1
2415,0,-1,-1
2416,0,-1,-1
2417,0,-1,-1
2418,0,-1,-1
2419,0,-1,-1
2420,1,18,93
2421,1,16,89
2422,0,-1,-1
2423,1,41,43
2424,1,15,56
2425,0,-1,-1
2426,0,-1,-1
2427,0,-1,-1
2428,1,48,52
2429,0,-1,-1
2430,0,-1,-1
2431,1,35,48
2432,0,-1,-1
2433,1,53,58
2434,1,22,32
2435,1,21,46
2436,1,34,46
2437,0,-1,-1
2438,0,-1,-1
2439,0,-1,-1
2440,1,65,90
2441,0,-1,-1
2442,1,15,20
2443,0,-1,-1
2444,0,-1,-1
2445,0,-1,-1
2446,0,-1,-1
2447,0,-1,-1
2448,0,-1,-1
2449,0,-1,-1
2450,1,21,73
2451,0,-1,-1
2452,0,-1,-1
2453,0,-1,-1
2454,0,-1,-1
2455,0,-1,-1
2456,1,61,61
2457,1,0,76
2458,0,-1,-1
2459,0,-1,-1
2460,1,26,29
2461,1,22,24
2462,0,-1,-1
2463,0,-1,-1
2464,0,-1,-1
2465,1,0,36
2466,0,-1,-1
2467,0,-1,-1
2468,0,-1,-1
2469,1,9,17
2470,0,-1,-1
2471,0,-1,-1
2472,1,18,18
2473,0,-1,-1
2474,1,26,35
2475,1,0,42
2476,1,13,25
2477,0,-1,-1
2478,0,-1,-1
2479,1,10,12
2480,1,0,11
2481,0,-1,-1
2482,0,-1,-1
2483,1,0,9
2484,0,-1,-1
2485,0,-1,-1
2486,0,-1,-1
2487,1,26,29
2488,0,-1,-1
2489,0,-1,-1
2490,0,-1,-1
2491,0,-1,-1
2492,1,9,74
2493,0,-1,-1
2494,0,-1,-1
2495,0,-1,-1
2496,1,0,39
2497,1,30,39
2498,1,19,26
2499,1,42,55
2500,1,9,28
2501,0,-1,-1
2502,1,27,34
2503,0,-1,-1
2504,0,-1,-1
2505,0,-1,-1
2506,1,9,55
2507,0,-1,-1
2508,0,-1,-1
2509,0,-1,-1
2510,1,49,113
2511,0,-1,-1
2512,0,-1,-1
2513,0,-1,-1
2514,1,50,94
2515,0,-1,-1
2516,0,-1,-1
2517,0,-1,-1
2518,0,-1,-1
2519,0,-1,-1
2520,0,-1,-1
2521,1,30,48
2522,0,-1,-1
2523,1,15,103
2524,0,-1,-1
2525,0,-1,-1
2526,1,51,68
2527,0,-1,-1
2528,0,-1,-1
2529,0,-1,-1
2530,0,-1,-1
2531,1,16,56
2532,0,-1,-1
2533,0,-1,-1
2534,0,-1,-1
2535,0,-1,-1
2536,0,-1,-1
2537,0,-1,-1
2538,1,39,46
2539,0,-1,-1
2540,0,-1,-1
2541,0,-1,-1
2542,1,52,59
2543,1,9,38
2544,0,-1,-1
2545,1,0,78
2546,0,-1,-1
2547,0,-1,-1
2548,0,-1,-1
2549,0,-1,-1
2550,1,9,17
2551,0,-1,-1
2552,0,-1,-1
2553,1,9,44
2554,1,48,52
2555,1,0,10
2556,1,55,62
2557,0,-1,-1
2558,0,-1,-1
2559,0,-1,-1
2560,0,-1,-1
2561,0,-1,-1
2562,0,-1,-1
2563,1,0,16
2564,0,-1,-1
2565,0,-1,-1
2566,0,-1,-1
2567,0,-1,-1
2568,0,-1,-1
2569,0,-1,-1
2570,0,-1,-1
2571,0,-1,-1
2572,0,-1,-1
2573,1,24,24
2574,0,-1,-1
2575,1,25,33
2576,0,-1,-1
2577,0,-1,-1
2578,0,-1,-1
2579,0,-1,-1
2580,0,-1,-1
2581,1,50,73
2582,0,-1,-1
2583,0,-1,-1
2584,0,-1,-1
2585,0,-1,-1
2586,0,-1,-1
2587,0,-1,-1
2588,0,-1,-1
2589,0,-1,-1
2590,1,9,39
2591,1,11,13
2592,0,-1,-1
2593,1,0,15
2594,0,-1,-1
2595,1,10,10
2596,1,23,32
2597,0,-1,-1
2598,0,-1,-1
2599,0,-1,-1
2600,0,-1,-1
2601,0,-1,-1
2602,0,-1,-1
2603,0,-1,-1
2604,0,-1,-1
2605,0,-1,-1
2606,0,-1,-1
2607,0,-1,-1
2608,1,0,15
2609,0,-1,-1
2610,1,10,54
2611,0,-1,-1
2612,0,-1,-1
2613,0,-1,-1
2614,0,-1,-1
2615,1,29,54
2616,0,-1,-1
2617,1,0,35
2618,0,-1,-1
2619,0,-1,-1
2620,0,-1,-1
2621,0,-1,-1
2622,1,0,10
2623,0,-1,-1
2624,1,26,36
2625,1,42,49
2626,1,0,15
2627,1,52,60
2628,1,16,41
2629,0,-1,-1
2630,0,-1,-1
2631,0,-1,-1
2632,0,-1,-1
2633,0,-1,-1
2634,1,13,119
2635,1,50,169
2636,1,68,82
2637,0,-1,-1
2638,1,86,94
2639,0,-1,-1
2640,1,43,43
2641,1,13,118
2642,1,0,67
2643,1,47,158
2644,0,-1,-1
2645,1,0,13
2646,0,-1,-1
2647,1,17,20
2648,0,-1,-1
2649,0,-1,-1
2650,0,-1,-1
2651,0,-1,-1
2652,0,-1,-1
2653,0,-1,-1
2654,0,-1,-1
2655,1,44,68
2656,1,0,14
2657,0,-1,-1
2658,1,25,49
2659,1,21,26
2660,0,-1,-1
2661,0,-1,-1
2662,1,0,62
2663,0,-1,-1
2664,0,-1,-1
2665,0,-1,-1
2666,1,35,40
2667,0,-1,-1
2668,1,47,107
2669,1,15,24
2670,0,-1,-1
2671,0,-1,-1
2672,1,60,60
2673,1,0,107
2674,0,-1,-1
2675,1,26,26
2676,0,-1,-1
2677,1,29,43
2678,1,9,11
2679,0,-1,-1
2680,1,41,67
2681,1,34,40
2682,1,12,44
2683,0,-1,-1
2684,0,-1,-1
2685,0,-1,-1
2686,0,-1,-1
2687,0,-1,-1
2688,0,-1,-1
2689,0,-1,-1
2690,0,-1,-1
2691,0,-1,-1
2692,0,-1,-1
2693,1,33,37
2694,1,17,17
2695,0,-1,-1
2696,1,10,55
2697,1,41,41
2698,0,-1,-1
2699,1,13,27
2700,0,-1,-1
2701,0,-1,-1
2702,0,-1,-1
2703,0,-1,-1
2704,1,15,15
2705,1,16,69
2706,0,-1,-1
2707,0,-1,-1
2708,0,-1,-1
2709,1,0,8
2710,0,-1,-1
2711,0,-1,-1
2712,0,-1,-1
2713,0,-1,-1
2714,1,33,47
2715,0,-1,-1
2716,0,-1,-1
2717,1,33,47
2718,0,-1,-1
2719,0,-1,-1
2720,0,-1,-1
2721,1,14,56
2722,0,-1,-1
2723,0,-1,-1
2724,0,-1,-1
2725,0,-1,-1
2726,0,-1,-1
2727,0,-1,-1
2728,0,-1,-1
2729,1,15,15
2730,1,30,30
2731,0,-1,-1
2732,1,0,9
2733,1,9,38
2734,1,22,29
2735,0,-1,-1
2736,0,-1,-1
2737,1,11,18
2738,0,-1,-1
2739,1,41,47
2740,1,29,31
2741,0,-1,-1
2742,0,-1,-1
2743,0,-1,-1
2744,0,-1,-1
2745,0,-1,-1
2746,0,-1,-1
2747,0,-1,-1
2748,0,-1,-1
2749,1,14,46
2750,0,-1,-1
2751,0,-1,-1
2752,0,-1,-1
2753,0,-1,-1
2754,0,-1,-1
2755,1,78,111
2756,0,-1,-1
2757,1,12,111
2758,0,-1,-1
2759,0,-1,-1
2760,0,-1,-1
2761,0,-1,-1
2762,1,58,59
2763,0,-1,-1
2764,1,48,57
2765,1,32,44
2766,0,-1,-1
2767,0,-1,-1
2768,0,-1,-1
2769,0,-1,-1
2770,0,-1,-1
2771,0,-1,-1
2772,1,0,40
2773,1,22,26
2774,0,-1,-1
2775,1,12,53
2776,0,-1,-1
2777,0,-1,-1
2778,0,-1,-1
2779,0,-1,-1
2780,0,-1,-1
2781,0,-1,-1
2782,0,-1,-1
2783,1,15,15
2784,1,16,63
2785,0,-1,-1
2786,1,0,90
2787,0,-1,-1
2788,0,-1,-1
2789,0,-1,-1
2790,1,0,90
2791,1,28,32
2792,1,42,81
2793,0,-1,-1
2794,1,21,81
2795,0,-1,-1
2796,0,-1,-1
2797,1,73,90
2798,1,14,72
2799,1,14,72
2800,1,30,98
2801,1,26,98
2802,0,-1,-1
2803,0,-1,-1
2804,0,-1,-1
2805,0,-1,-1
2806,0,-1,-1
2807,0,-1,-1
2808,0,-1,-1
2809,0,-1,-1
2810,1,9,98
2811,0,-1,-1
2812,1,60,66
2813,0,-1,-1
2814,1,15,137
2815,0,-1,-1
2816,0,-1,-1
2817,1,42,50
2818,0,-1,-1
2819,0,-1,-1
2820,1,91,103
2821,0,-1,-1
2822,1,21,35
2823,1,36,44
2824,1,51,65
2825,1,0,9
2826,1,20,49
2827,1,45,49
2828,0,-1,-1
2829,0,-1,-1
2830,1,19,29
2831,0,-1,-1
2832,0,-1,-1
2833,0,-1,-1
2834,0,-1,-1
2835,1,55,55
2836,0,-1,-1
2837,0,-1,-1
2838,1,15,62
2839,1,30,37
2840,0,-1,-1
2841,0,-1,-1
2842,0,-1,-1
2843,0,-1,-1
2844,0,-1,-1
2845,1,84,91
2846,0,-1,-1
2847,0,-1,-1
2848,1,53,63
2849,0,-1,-1
2850,1,0,38
2851,0,-1,-1
2852,0,-1,-1
2853,0,-1,-1
2854,0,-1,-1
2855,1,14,17
2856,1,28,36
2857,0,-1,-1
2858,0,-1,-1
2859,1,0,26
2860,0,-1,-1
2861,0,-1,-1
2862,0,-1,-1
2863,0,-1,-1
2864,0,-1,-1
2865,1,15,34
2866,0,-1,-1
2867,1,0,15
2868,0,-1,-1
2869,1,9,14
2870,1,0,13
2871,1,34,34
2872,1,34,46
2873,1,11,14
2874,1,10,10
2875,0,-1,-1
2876,1,20,33
2877,0,-1,-1
2878,0,-1,-1
2879,0,-1,-1
2880,0,-1,-1
2881,0,-1,-1
2882,0,-1,-1
2883,0,-1,-1
2884,1,15,26
2885,0,-1,-1
2886,0,-1,-1
2887,0,-1,-1
2888,1,17,31
2889,1,9,9
2890,1,12,14
2891,0,-1,-1
2892,1,27,48
2893,0,-1,-1
2894,1,0,14
2895,0,-1,-1
2896,0,-1,-1
2897,1,41,44
2898,1,65,66
2899,0,-1,-1
2900,1,23,102
2901,0,-1,-1
2902,0,-1,-1
2903,1,37,109
2904,1,25,108
2905,0,-1,-1
2906,1,76,104
2907,1,28,32
2908,1,23,107
2909,1,52,58
2910,0,-1,-1
2911,0,-1,-1
2912,0,-1,-1
2913,1,37,49
2914,0,-1,-1
2915,0,-1,-1
2916,0,-1,-1
2917,1,23,42
2918,0,-1,-1
2919,0,-1,-1
2920,0,-1,-1
2921,0,-1,-1
2922,0,-1,-1
2923,1,24,34
2924,0,-1,-1
2925,0,-1,-1
2926,0,-1,-1
2927,0,-1,-1
2928,0,-1,-1
2929,0,-1,-1
2930,1,21,34
2931,1,29,37
2932,1,36,55
2933,1,46,52
2934,0,-1,-1
2935,0,-1,-1
2936,1,0,25
2937,0,-1,-1
2938,0,-1,-1
2939,0,-1,-1
2940,0,-1,-1
2941,1,0,50
2942,1,31,59
2943,0,-1,-1
2944,0,-1,-1
2945,0,-1,-1
2946,0,-1,-1
2947,1,0,45
2948,0,-1,-1
2949,1,0,30
2950,0,-1,-1
2951,0,-1,-1
2952,1,22,27
2953,0,-1,-1
2954,0,-1,-1
2955,0,-1,-1
2956,0,-1,-1
2957,0,-1,-1
2958,0,-1,-1
2959,1,21,28
2960,0,-1,-1
2961,0,-1,-1
2962,0,-1,-1
2963,0,-1,-1
2964,0,-1,-1
2965,0,-1,-1
2966,1,0,9
2967,0,-1,-1
2968,1,12,28
2969,1,58,62
2970,0,-1,-1
2971,0,-1,-1
2972,0,-1,-1
2973,1,32,35
2974,0,-1,-1
2975,1,12,14
2976,0,-1,-1
2977,1,29,36
2978,1,88,98
2979,1,0,98
2980,0,-1,-1
2981,0,-1,-1
2982,1,52,57
2983,1,0,85
2984,1,41,72
2985,1,0,10
2986,0,-1,-1
2987,0,-1,-1
2988,0,-1,-1
2989,1,28,37
2990,0,-1,-1
2991,0,-1,-1
2992,1,9,9
2993,1,14,18
2994,1,22,34
2995,0,-1,-1
2996,1,12,43
2997,0,-1,-1
2998,0,-1,-1
2999,1,0,133
3000,1,47,190
3001,0,-1,-1
3002,0,-1,-1
3003,1,44,133
3004,0,-1,-1
3005,1,125,190
3006,0,-1,-1
3007,0,-1,-1
3008,0,-1,-1
3009,0,-1,-1
3010,0,-1,-1
3011,1,9,26
3012,1,21,77
3013,0,-1,-1
3014,0,-1,-1
3015,0,-1,-1
3016,1,28,28
3017,0,-1,-1
3018,1,77,83
3019,0,-1,-1
3020,1,57,100
3021,0,-1,-1
3022,0,-1,-1
3023,1,0,106
3024,0,-1,-1
3025,0,-1,-1
3026,0,-1,-1
3027,1,14,39
3028,0,-1,-1
3029,0,-1,-1
3030,0,-1,-1
3031,0,-1,-1
3032,0,-1,-1
3033,1,24,33
3034,0,-1,-1
3035,0,-1,-1
3036,1,13,18
3037,0,-1,-1
3038,0,-1,-1
3039,0,-1,-1
3040,0,-1,-1
3041,1,35,53
3042,1,28,93
3043,1,24,29
3044,1,68,81
3045,0,-1,-1
3046,0,-1,-1
3047,1,76,80
3048,1,81,92
3049,0,-1,-1
3050,0,-1,-1
3051,0,-1,-1
3052,0,-1,-1
3053,0,-1,-1
3054,1,0,79
3055,1,51,53
3056,0,-1,-1
3057,1,72,81
3058,0,-1,-1
3059,0,-1,-1
3060,1,9,17
3061,1,38,49
3062,0,-1,-1
3063,0,-1,-1
3064,1,24,57
3065,0,-1,-1
3066,0,-1,-1
3067,0,-1,-1
3068,0,-1,-1
3069,1,79,95
3070,1,0,72
3071,1,31,41
3072,0,-1,-1
3073,0,-1,-1
3074,1,50,54
3075,0,-1,-1
3076,0,-1,-1
3077,0,-1,-1
3078,1,49,49
3079,1,14,26
3080,0,-1,-1
3081,1,45,47
3082,0,-1,-1
3083,1,0,12
3084,0,-1,-1
3085,0,-1,-1
3086,1,27,31
3087,0,-1,-1
3088,0,-1,-1
3089,0,-1,-1
3090,1,19,27
3091,0,-1,-1
3092,0,-1,-1
3093,0,-1,-1
3094,0,-1,-1
3095,0,-1,-1
3096,0,-1,-1
3097,1,0,23
3098,0,-1,-1
3099,0,-1,-1
3100,1,43,58
3101,1,125,132
3102,0,-1,-1
3103,1,94,101
3104,1,69,78
3105,1,0,122
3106,0,-1,-1
3107,0,-1,-1
3108,0,-1,-1
3109,0,-1,-1
3110,1,0,13
3111,0,-1,-1
3112,0,-1,-1
3113,0,-1,-1
3114,0,-1,-1
3115,0,-1,-1
3116,1,24,51
3117,1,0,14
3118,0,-1,-1
3119,0,-1,-1
3120,0,-1,-1
3121,0,-1,-1
3122,1,13,71
3123,1,60,60
3124,0,-1,-1
3125,0,-1,-1
3126,0,-1,-1
3127,1,81,83
3128,0,-1,-1
3129,0,-1,-1
3130,0,-1,-1
3131,1,50,96
3132,1,73,73
3133,0,-1,-1
3134,0,-1,-1
3135,1,10,113
3136,1,0,55
3137,1,59,103
3138,0,-1,-1
3139,1,12,25
3140,0,-1,-1
3141,1,11,41
3142,1,20,103
3143,0,-1,-1
3144,0,-1,-1
3145,1,0,36
3146,0,-1,-1
3147,1,27,56
3148,0,-1,-1
3149,0,-1,-1
3150,1,74,89
3151,1,69,84
3152,1,9,119
3153,1,28,38
3154,1,19,25
3155,1,25,127
3156,0,-1,-1
3157,0,-1,-1
3158,0,-1,-1
3159,0,-1,-1
3160,0,-1,-1
3161,0,-1,-1
3162,0,-1,-1
3163,0,-1,-1
3164,1,16,68
3165,0,-1,-1
3166,1,82,91
3167,1,31,40
3168,0,-1,-1
3169,0,-1,-1
3170,0,-1,-1
3171,1,44,54
3172,0,-1,-1
3173,0,-1,-1
3174,1,46,50
3175,1,12,65
3176,0,-1,-1
3177,0,-1,-1
3178,1,0,57
3179,1,0,11
3180,0,-1,-1
3181,0,-1,-1
3182,0,-1,-1
3183,1,13,13
3184,0,-1,-1
3185,0,-1,-1
3186,1,113,133
3187,0,-1,-1
3188,0,-1,-1
3189,0,-1,-1
3190,1,0,143
3191,0,-1,-1
3192,1,27,159
3193,1,15,54
3194,0,-1,-1
3195,0,-1,-1
3196,1,128,144
3197,0,-1,-1
3198,1,119,119
3199,1,29,72
3200,0,-1,-1
3201,1,48,48
3202,1,63,63
3203,0,-1,-1
3204,0,-1,-1
3205,0,-1,-1
3206,0,-1,-1
3207,1,70,70
3208,0,-1,-1
3209,1,21,29
3210,0,-1,-1
3211,0,-1,-1
3212,0,-1,-1
3213,0,-1,-1
3214,0,-1,-1
3215,1,94,101
3216,0,-1,-1
3217,0,-1,-1
3218,0,-1,-1
3219,0,-1,-1
3220,0,-1,-1
3221,0,-1,-1
3222,1,0,27
3223,0,-1,-1
3224,0,-1,-1
3225,1,19,27
3226,0,-1,-1
3227,0,-1,-1
3228,1,30,37
3229,1,9,11
3230,1,51,58
3231,1,0,48
3232,1,38,42
3233,1,22,23
3234,1,0,120
3235,0,-1,-1
3236,0,-1,-1
3237,1,0,13
3238,0,-1,-1
3239,0,-1,-1
3240,0,-1,-1
3241,1,0,81
3242,0,-1,-1
3243,0,-1,-1
3244,0,-1,-1
3245,0,-1,-1
3246,1,21,36
3247,0,-1,-1
3248,0,-1,-1
3249,0,-1,-1
3250,1,0,43
3251,0,-1,-1
3252,1,0,73
3253,0,-1,-1
3254,0,-1,-1
3255,0,-1,-1
3256,0,-1,-1
3257,1,25,43
3258,0,-1,-1
3259,0,-1,-1
3260,0,-1,-1
3261,0,-1,-1
3262,0,-1,-1
3263,0,-1,-1
3264,0,-1,-1
3265,0,-1,-1
3266,1,12,16
3267,1,23,27
3268,0,-1,-1
3269,1,14,21
3270,0,-1,-1
3271,1,12,12
3272,0,-1,-1
3273,1,9,89
3274,1,79,106
3275,0,-1,-1
3276,0,-1,-1
3277,0,-1,-1
3278,1,44,67
3279,0,-1,-1
3280,0,-1,-1
3281,0,-1,-1
3282,1,34,88
3283,0,-1,-1
3284,0,-1,-1
3285,0,-1,-1
3286,1,19,28
3287,0,-1,-1
3288,0,-1,-1
3289,0,-1,-1
3290,1,58,74
3291,0,-1,-1
3292,0,-1,-1
3293,0,-1,-1
3294,0,-1,-1
3295,0,-1,-1
3296,0,-1,-1
3297,1,20,29
3298,0,-1,-1
3299,0,-1,-1
3300,0,-1,-1
3301,0,-1,-1
3302,1,35,38
3303,0,-1,-1
3304,1,17,19
3305,0,-1,-1
3306,1,54,65
3307,0,-1,-1
3308,0,-1,-1
3309,0,-1,-1
3310,1,0,16
3311,1,11,11
3312,1,34,34
3313,0,-1,-1
3314,0,-1,-1
3315,0,-1,-1
3316,1,0,41
3317,0,-1,-1
3318,1,58,59
3319,0,-1,-1
3320,0,-1,-1
3321,0,-1,-1
3322,0,-1,-1
3323,0,-1,-1
3324,0,-1,-1
3325,0,-1,-1
3326,1,21,36
3327,0,-1,-1
3328,0,-1,-1
3329,0,-1,-1
3330,0,-1,-1
3331,0,-1,-1
3332,1,58,66
3333,1,41,41
3334,1,13,45
3335,0,-1,-1
3336,0,-1,-1
3337,0,-1,-1
3338,1,0,93
3339,1,37,37
3340,0,-1,-1
3341,1,16,27
3342,0,-1,-1
3343,1,0,93
3344,0,-1,-1
3345,0,-1,-1
3346,0,-1,-1
3347,1,24,45
3348,1,0,8
3349,0,-1,-1
3350,0,-1,-1
3351,1,12,21
3352,0,-1,-1
3353,1,24,54
3354,0,-1,-1
3355,0,-1,-1
3356,1,19,21
3357,1,0,10
3358,0,-1,-1
3359,0,-1,-1
3360,0,-1,-1
3361,0,-1,-1
3362,0,-1,-1
3363,0,-1,-1
3364,0,-1,-1
3365,0,-1,-1
3366,0,-1,-1
3367,0,-1,-1
3368,0,-1,-1
3369,1,11,38
3370,1,19,126
3371,0,-1,-1
3372,0,-1,-1
3373,0,-1,-1
3374,0,-1,-1
3375,1,20,113
3376,0,-1,-1
3377,1,17,75
3378,1,77,82
3379,0,-1,-1
3380,0,-1,-1
3381,0,-1,-1
3382,0,-1,-1
3383,0,-1,-1
3384,1,31,39
3385,1,74,140
3386,0,-1,-1
3387,1,13,158
3388,1,0,166
3389,0,-1,-1
3390,1,118,139
3391,1,141,149
3392,1,60,150
3393,0,-1,-1
3394,1,58,69
3395,0,-1,-1
3396,1,14,14
3397,0,-1,-1
3398,1,24,42
3399,0,-1,-1
3400,1,46,56
3401,0,-1,-1
3402,1,27,45
3403,0,-1,-1
3404,0,-1,-1
3405,1,14,60
3406,1,67,80
3407,1,30,51
3408,1,61,65
3409,0,-1,-1
3410,1,0,17
3411,1,0,17
3412,0,-1,-1
3413,0,-1,-1
3414,1,18,53
3415,1,78,93
3416,0,-1,-1
3417,0,-1,-1
3418,1,83,85
3419,1,74,98
3420,1,10,119
3421,0,-1,-1
3422,1,0,73
3423,0,-1,-1
3424,1,37,45
3425,0,-1,-1
3426,0,-1,-1
3427,1,66,73
3428,0,-1,-1
3429,0,-1,-1
3430,1,48,59
3431,0,-1,-1
3432,0,-1,-1
3433,0,-1,-1
3434,1,37,41
3435,1,0,85
3436,0,-1,-1
3437,1,93,99
3438,0,-1,-1
3439,0,-1,-1
3440,0,-1,-1
3441,0,-1,-1
3442,1,70,76
3443,0,-1,-1
3444,1,23,68
3445,1,13,45
3446,0,-1,-1
3447,0,-1,-1
3448,1,61,68
3449,1,29,44
3450,1,47,47
3451,1,15,25
3452,0,-1,-1
3453,1,0,39
3454,0,-1,-1
3455,0,-1,-1
3456,1,13,63
3457,0,-1,-1
3458,1,51,113
3459,1,0,113
3460,0,-1,-1
3461,1,9,19
3462,1,27,50
3463,1,35,52
3464,1,53,65
3465,0,-1,-1
3466,0,-1,-1
3467,1,36,47
3468,0,-1,-1
3469,0,-1,-1
3470,0,-1,-1
3471,1,0,70
3472,1,22,22
3473,1,19,46
3474,1,0,15
3475,0,-1,-1
3476,0,-1,-1
3477,0,-1,-1
3478,0,-1,-1
3479,0,-1,-1
3480,0,-1,-1
3481,0,-1,-1
3482,0,-1,-1
3483,0,-1,-1
3484,1,32,36
3485,1,51,67
3486,0,-1,-1
3487,0,-1,-1
3488,1,0,47
3489,0,-1,-1
3490,1,10,19
3491,1,0,82
3492,1,28,82
3493,1,10,15
3494,1,34,57
3495,0,-1,-1
3496,0,-1,-1
3497,1,80,92
3498,0,-1,-1
3499,0,-1,-1
3500,0,-1,-1
3501,1,9,85
3502,0,-1,-1
3503,1,13,13
3504,1,14,33
3505,0,-1,-1
3506,0,-1,-1
3507,0,-1,-1
3508,1,68,75
3509,0,-1,-1
3510,0,-1,-1
3511,1,42,50
3512,1,9,23
3513,1,52,59
3514,1,38,39
3515,0,-1,-1
3516,0,-1,-1
3517,1,75,82
3518,0,-1,-1
3519,0,-1,-1
3520,1,36,44
3521,0,-1,-1
3522,1,83,91
3523,1,0,60
3524,1,35,62
3525,1,22,91
3526,0,-1,-1
3527,1,64,72
3528,0,-1,-1
3529,1,46,54
3530,0,-1,-1
3531,0,-1,-1
3532,1,0,53
3533,1,13,39
3534,0,-1,-1
3535,0,-1,-1
3536,0,-1,-1
3537,0,-1,-1
3538,0,-1,-1
3539,1,11,38
3540,0,-1,-1
3541,0,-1,-1
3542,0,-1,-1
3543,1,0,10
3544,0,-1,-1
3545,0,-1,-1
3546,1,13,55
3547,0,-1,-1
3548,0,-1,-1
3549,0,-1,-1
3550,1,91,127
3551,0,-1,-1
3552,0,-1,-1
3553,0,-1,-1
3554,0,-1,-1
3555,0,-1,-1
3556,0,-1,-1
3557,0,-1,-1
3558,0,-1,-1
3559,0,-1,-1
3560,1,36,36
3561,0,-1,-1
3562,1,17,20
3563,1,36,49
3564,0,-1,-1
3565,0,-1,-1
3566,1,27,27
3567,1,104,121
3568,0,-1,-1
3569,0,-1,-1
3570,0,-1,-1
3571,0,-1,-1
3572,0,-1,-1
3573,0,-1,-1
3574,0,-1,-1
3575,1,25,46
3576,1,24,46
3577,0,-1,-1
3578,0,-1,-1
3579,1,0,18
3580,1,13,13
3581,1,41,47
3582,0,-1,-1
3583,0,-1,-1
3584,1,39,41
3585,1,62,76
3586,0,-1,-1
3587,0,-1,-1
3588,0,-1,-1
3589,0,-1,-1
3590,0,-1,-1
3591,0,-1,-1
3592,0,-1,-1
3593,0,-1,-1
3594,0,-1,-1
3595,0,-1,-1
3596,0,-1,-1
3597,1,39,44
3598,1,57,67
3599,0,-1,-1
3600,0,-1,-1
3601,0,-1,-1
3602,0,-1,-1
3603,1,17,38
3604,0,-1,-1
3605,1,40,46
3606,0,-1,-1
3607,1,19,32
3608,1,0,117
3609,0,-1,-1
3610,1,28,56
3611,1,21,27
3612,0,-1,-1
3613,0,-1,-1
3614,0,-1,-1
3615,0,-1,-1
3616,1,0,100
3617,0,-1,-1
3618,1,0,117
3619,1,58,66
3620,0,-1,-1
3621,0,-1,-1
3622,0,-1,-1
3623,0,-1,-1
3624,0,-1,-1
3625,0,-1,-1
3626,1,0,11
3627,0,-1,-1
3628,1,24,31
3629,1,0,64
3630,0,-1,-1
3631,1,32,64
3632,1,37,64
3633,1,30,80
3634,1,21,28
3635,1,14,65
3636,0,-1,-1
3637,1,0,14
3638,1,82,91
3639,1,83,83
3640,0,-1,-1
3641,1,15,65
3642,0,-1,-1
3643,0,-1,-1
3644,1,66,72
3645,0,-1,-1
3646,1,9,14
3647,0,-1,-1
3648,1,19,21
3649,0,-1,-1
3650,0,-1,-1
3651,0,-1,-1
3652,1,22,32
3653,1,11,22
3654,1,35,43
3655,0,-1,-1
3656,0,-1,-1
3657,0,-1,-1
3658,0,-1,-1
3659,1,45,60
3660,0,-1,-1
3661,0,-1,-1
3662,0,-1,-1
3663,1,34,48
3664,0,-1,-1
3665,1,0,11
3666,1,15,19
3667,0,-1,-1
3668,0,-1,-1
3669,0,-1,-1
3670,0,-1,-1
3671,0,-1,-1
3672,0,-1,-1
3673,1,22,22
3674,1,0,19
3675,0,-1,-1
3676,1,36,51
3677,1,10,19
3678,1,28,34
3679,0,-1,-1
3680,0,-1,-1
3681,0,-1,-1
3682,0,-1,-1
3683,0,-1,-1
3684,0,-1,-1
3685,0,-1,-1
3686,0,-1,-1
3687,0,-1,-1
3688,0,-1,-1
3689,1,24,37
3690,0,-1,-1
3691,0,-1,-1
3692,0,-1,-1
3693,0,-1,-1
3694,1,0,33
3695,0,-1,-1
3696,0,-1,-1
3697,1,0,48
3698,0,-1,-1
3699,0,-1,-1
3700,0,-1,-1
3701,0,-1,-1
3702,0,-1,-1
3703,0,-1,-1
3704,1,35,129
3705,1,0,143
3706,0,-1,-1
3707,1,33,93
3708,0,-1,-1
3709,0,-1,-1
3710,0,-1,-1
3711,0,-1,-1
3712,1,35,88
3713,0,-1,-1
3714,1,18,67
3715,0,-1,-1
3716,1,27,35
3717,0,-1,-1
3718,0,-1,-1
3719,0,-1,-1
3720,1,0,8
3721,1,0,43
3722,1,10,22
3723,1,27,32
3724,0,-1,-1
3725,0,-1,-1
3726,0,-1,-1
3727,0,-1,-1
3728,0,-1,-1
3729,0,-1,-1
3730,0,-1,-1
3731,0,-1,-1
3732,1,9,76
3733,1,30,37
3734,0,-1,-1
3735,0,-1,-1
3736,0,-1,-1
3737,0,-1,-1
3738,0,-1,-1
3739,1,28,40
3740,0,-1,-1
3741,0,-1,-1
3742,1,0,74
3743,1,49,55
3744,1,75,77
3745,0,-1,-1
3746,0,-1,-1
3747,0,-1,-1
3748,0,-1,-1
3749,1,0,54
3750,0,-1,-1
3751,0,-1,-1
3752,0,-1,-1
3753,1,31,74
3754,0,-1,-1
3755,0,-1,-1
3756,0,-1,-1
3757,0,-1,-1
3758,1,51,53
3759,0,-1,-1
3760,0,-1,-1
3761,1,21,54
3762,0,-1,-1
3763,0,-1,-1
3764,0,-1,-1
3765,0,-1,-1
3766,0,-1,-1
3767,1,9,97
3768,0,-1,-1
3769,1,84,97
3770,1,49,49
3771,1,28,38
3772,1,0,68
3773,0,-1,-1
3774,0,-1,-1
3775,1,20,20
3776,0,-1,-1
3777,1,98,101
3778,0,-1,-1
3779,0,-1,-1
3780,1,26,61
3781,0,-1,-1
3782,1,73,79
3783,0,-1,-1
3784,0,-1,-1
3785,0,-1,-1
3786,1,92,94
3787,1,81,104
3788,0,-1,-1
3789,1,25,28
3790,0,-1,-1
3791,0,-1,-1
3792,1,0,12
3793,1,29,42
3794,0,-1,-1
3795,0,-1,-1
3796,0,-1,-1
3797,0,-1,-1
3798,1,0,37
3799,0,-1,-1
3800,0,-1,-1
3801,0,-1,-1
3802,1,0,8
3803,0,-1,-1
3804,0,-1,-1
3805,0,-1,-1
3806,0,-1,-1
3807,0,-1,-1
3808,1,50,150
3809,1,51,105
3810,1,9,39
3811,0,-1,-1
3812,1,79,92
3813,0,-1,-1
3814,0,-1,-1
3815,1,21,41
3816,1,69,105
3817,1,62,92
3818,0,-1,-1
3819,0,-1,-1
3820,0,-1,-1
3821,0,-1,-1
3822,0,-1,-1
3823,0,-1,-1
3824,0,-1,-1
3825,0,-1,-1
3826,0,-1,-1
3827,1,0,95
3828,0,-1,-1
3829,0,-1,-1
3830,0,-1,-1
3831,1,56,65
3832,0,-1,-1
3833,1,21,63
3834,0,-1,-1
3835,0,-1,-1
3836,1,49,56
3837,1,0,59
3838,0,-1,-1
3839,0,-1,-1
3840,1,0,20
3841,0,-1,-1
3842,0,-1,-1
3843,0,-1,-1
3844,1,51,65
3845,0,-1,-1
3846,1,18,65
3847,1,32,34
3848,0,-1,-1
3849,0,-1,-1
3850,0,-1,-1
3851,0,-1,-1
3852,0,-1,-1
3853,0,-1,-1
3854,1,14,31
3855,1,0,33
3856,0,-1,-1
3857,0,-1,-1
3858,0,-1,-1
3859,1,0,33
3860,1,0,10
3861,1,0,69
3862,0,-1,-1
3863,1,0,78
3864,0,-1,-1
3865,1,125,143
3866,1,123,133
3867,1,24,59
3868,0,-1,-1
3869,1,23,112
3870,1,110,114
3871,0,-1,-1
3872,0,-1,-1
3873,0,-1,-1
3874,0,-1,-1
3875,1,13,50
3876,0,-1,-1
3877,0,-1,-1
3878,0,-1,-1
3879,1,46,75
3880,0,-1,-1
3881,0,-1,-1
3882,0,-1,-1
3883,1,0,10
3884,0,-1,-1
3885,0,-1,-1
3886,0,-1,-1
3887,0,-1,-1
3888,1,10,14
3889,1,67,83
3890,0,-1,-1
3891,1,53,83
3892,0,-1,-1
3893,0,-1,-1
3894,0,-1,-1
3895,1,37,37
3896,1,36,42
3897,1,11,16
3898,1,0,40
3899,1,0,8
3900,1,11,99
3901,0,-1,-1
3902,1,23,41
3903,1,11,12
3904,0,-1,-1
3905,0,-1,-1
3906,1,74,87
3907,1,91,115
3908,0,-1,-1
3909,0,-1,-1
3910,0,-1,-1
3911,1,23,108
3912,1,20,116
3913,0,-1,-1
3914,1,20,20
3915,0,-1,-1
3916,0,-1,-1
3917,1,12,18
3918,1,10,85
3919,1,20,25
3920,0,-1,-1
3921,0,-1,-1
3922,1,81,87
3923,1,0,9
3924,0,-1,-1
3925,0,-1,-1
3926,1,11,89
3927,0,-1,-1
3928,0,-1,-1
3929,0,-1,-1
3930,0,-1,-1
3931,0,-1,-1
3932,0,-1,-1
3933,0,-1,-1
3934,0,-1,-1
3935,1,12,32
3936,0,-1,-1
3937,1,63,81
3938,0,-1,-1
3939,0,-1,-1
3940,1,14,31
3941,0,-1,-1
3942,0,-1,-1
3943,1,0,18
3944,1,0,21
3945,1,19,29
3946,1,17,24
3947,1,12,57
3948,1,35,47
3949,1,21,33
3950,1,0,10
3951,0,-1,-1
3952,0,-1,-1
3953,0,-1,-1
3954,0,-1,-1
3955,0,-1,-1
3956,0,-1,-1
3957,0,-1,-1
3958,0,-1,-1
3959,0,-1,-1
3960,1,0,84
3961,1,31,71
3962,0,-1,-1
3963,1,75,79
3964,0,-1,-1
3965,0,-1,-1
3966,0,-1,-1
3967,1,107,109
3968,1,0,20
3969,0,-1,-1
3970,0,-1,-1
3971,1,0,20
3972,0,-1,-1
3973,1,9,20
3974,0,-1,-1
3975,0,-1,-1
3976,0,-1,-1
3977,1,46,46
3978,0,-1,-1
3979,0,-1,-1
3980,0,-1,-1
3981,0,-1,-1
3982,0,-1,-1
3983,1,83,84
3984,0,-1,-1
3985,0,-1,-1
3986,1,71,129
3987,0,-1,-1
3988,0,-1,-1
3989,1,55,61
3990,0,-1,-1
3991,0,-1,-1
3992,0,-1,-1
3993,0,-1,-1
3994,1,156,158
3995,0,-1,-1
3996,0,-1,-1
3997,1,109,109
3998,1,159,170
3999,1,77,92
4000,0,-1,-1
4001,1,27,43
4002,0,-1,-1
4003,0,-1,-1
4004,1,0,71
4005,0,-1,-1
4006,0,-1,-1
4007,1,9,99
4008,0,-1,-1
4009,0,-1,-1
4010,1,11,68
4011,0,-1,-1
4012,0,-1,-1
4013,0,-1,-1
4014,1,37,67
4015,0,-1,-1
4016,1,40,63
4017,0,-1,-1
4018,0,-1,-1
4019,0,-1,-1
4020,0,-1,-1
4021,1,58,69
4022,0,-1,-1
4023,1,9,39
4024,0,-1,-1
4025,0,-1,-1
4026,0,-1,-1
4027,1,20,27
4028,0,-1,-1
4029,0,-1,-1
4030,1,50,90
4031,1,32,40
4032,1,15,72
4033,0,-1,-1
4034,0,-1,-1
4035,0,-1,-1
4036,1,42,49
4037,0,-1,-1
4038,0,-1,-1
4039,0,-1,-1
4040,1,0,17
4041,0,-1,-1
4042,1,17,50
4043,0,-1,-1
4044,0,-1,-1
4045,0,-1,-1
4046,0,-1,-1
4047,1,24,42
4048,0,-1,-1
4049,0,-1,-1
4050,0,-1,-1
4051,0,-1,-1
4052,0,-1,-1
4053,0,-1,-1
4054,1,48,48
4055,0,-1,-1
4056,1,14,89
4057,0,-1,-1
4058,0,-1,-1
4059,1,31,68
4060,0,-1,-1
4061,0,-1,-1
4062,0,-1,-1
4063,1,69,135
4064,0,-1,-1
4065,0,-1,-1
4066,1,21,31
4067,1,11,15
4068,0,-1,-1
4069,0,-1,-1
4070,0,-1,-1
4071,0,-1,-1
4072,0,-1,-1
4073,1,0,37
4074,0,-1,-1
4075,0,-1,-1
4076,0,-1,-1
4077,0,-1,-1
4078,1,23,28
4079,1,15,22
4080,0,-1,-1
4081,1,0,30
4082,1,0,29
4083,1,32,40
4084,0,-1,-1
4085,0,-1,-1
4086,1,0,17
4087,1,0,9
4088,0,-1,-1
4089,0,-1,-1
4090,1,12,16
4091,0,-1,-1
4092,0,-1,-1
4093,0,-1,-1
4094,0,-1,-1
4095,1,50,58
4096,0,-1,-1
4097,0,-1,-1
4098,1,89,104
4099,0,-1,-1
4100,0,-1,-1
4101,0,-1,-1
4102,1,25,25
4103,0,-1,-1
4104,0,-1,-1
4105,0,-1,-1
4106,0,-1,-1
4107,0,-1,-1
4108,0,-1,-1
4109,1,59,72
4110,0,-1,-1
4111,0,-1,-1
4112,1,47,58
4113,1,35,46
4114,0,-1,-1
4115,0,-1,-1
4116,0,-1,-1
4117,0,-1,-1
4118,0,-1,-1
4119,1,27,27
4120,0,-1,-1
4121,0,-1,-1
4122,0,-1,-1
4123,0,-1,-1
4124,1,11,11
4125,0,-1,-1
4126,1,10,75
4127,1,57,75
4128,0,-1,-1
4129,1,28,67
4130,0,-1,-1
4131,0,-1,-1
4132,1,73,73
4133,0,-1,-1
4134,1,33,35
4135,0,-1,-1
4136,1,67,69
4137,0,-1,-1
4138,1,30,98
4139,0,-1,-1
4140,1,13,28
4141,0,-1,-1
4142,0,-1,-1
4143,1,0,12
4144,1,84,98
4145,1,0,85
4146,0,-1,-1
4147,0,-1,-1
4148,1,56,76
4149,1,30,41
4150,1,0,77
4151,0,-1,-1
4152,0,-1,-1
4153,0,-1,-1
4154,0,-1,-1
4155,1,48,55
4156,1,29,46
4157,0,-1,-1
4158,1,24,24
4159,0,-1,-1
4160,0,-1,-1
4161,1,16,16
4162,0,-1,-1
4163,0,-1,-1
4164,1,0,8
4165,1,32,102
4166,0,-1,-1
4167,1,64,64
4168,0,-1,-1
4169,0,-1,-1
4170,1,0,100
4171,1,0,110
4172,0,-1,-1
4173,0,-1,-1
4174,1,30,35
4175,1,0,21
4176,0,-1,-1
4177,0,-1,-1
4178,0,-1,-1
4179,1,36,103
4180,1,22,103
4181,0,-1,-1
4182,1,35,95
4183,0,-1,-1
4184,1,0,76
4185,0,-1,-1
4186,0,-1,-1
4187,1,0,87
4188,1,36,48
4189,0,-1,-1
4190,0,-1,-1
4191,1,0,70
4192,0,-1,-1
4193,0,-1,-1
4194,0,-1,-1
4195,0,-1,-1
4196,0,-1,-1
4197,1,35,37
4198,1,13,83
4199,1,27,108
4200,1,14,23
4201,1,37,56
4202,0,-1,-1
4203,1,0,13
4204,1,119,131
4205,0,-1,-1
4206,0,-1,-1
4207,0,-1,-1
4208,0,-1,-1
4209,1,14,26
4210,0,-1,-1
4211,0,-1,-1
4212,1,114,121
4213,1,13,13
4214,0,-1,-1
4215,1,15,110
4216,0,-1,-1
4217,1,25,25
4218,0,-1,-1
4219,1,0,120
4220,0,-1,-1
4221,1,99,120
4222,1,26,66
4223,0,-1,-1
4224,1,14,58
4225,1,0,44
4226,0,-1,-1
4227,0,-1,-1
4228,1,12,13
4229,0,-1,-1
4230,1,47,51
4231,0,-1,-1
4232,0,-1,-1
4233,0,-1,-1
4234,1,0,18
4235,0,-1,-1
4236,0,-1,-1
4237,0,-1,-1
4238,0,-1,-1
4239,0,-1,-1
4240,1,29,61
4241,0,-1,-1
4242,1,29,29
4243,1,65,73
4244,1,9,41
4245,1,47,76
4246,1,0,48
4247,1,64,64
4248,0,-1,-1
4249,0,-1,-1
4250,1,49,74
4251,1,75,84
4252,0,-1,-1
4253,0,-1,-1
4254,0,-1,-1
4255,0,-1,-1
4256,1,21,39
4257,0,-1,-1
4258,0,-1,-1
4259,0,-1,-1
4260,1,56,74
4261,1,34,35
4262,1,18,28
4263,1,30,39
4264,0,-1,-1
4265,0,-1,-1
4266,0,-1,-1
4267,0,-1,-1
4268,0,-1,-1
4269,0,-1,-1
4270,0,-1,-1
4271,1,14,14
4272,0,-1,-1
4273,0,-1,-1
4274,1,101,101
4275,0,-1,-1
4276,1,40,105
4277,0,-1,-1
4278,0,-1,-1
4279,0,-1,-1
4280,1,19,95
4281,0,-1,-1
4282,1,0,16
4283,0,-1,-1
4284,0,-1,-1
4285,1,19,36
4286,1,16,28
4287,1,0,8
4288,1,0,40
4289,0,-1,-1
4290,1,80,89
4291,0,-1,-1
4292,0,-1,-1
4293,1,41,76
4294,0,-1,-1
4295,0,-1,-1
4296,0,-1,-1
4297,0,-1,-1
4298,1,24,32
4299,1,34,35
4300,1,0,15
4301,0,-1,-1
4302,1,41,45
4303,0,-1,-1
4304,0,-1,-1
4305,1,37,74
4306,0,-1,-1
4307,1,51,61
4308,1,0,104
4309,0,-1,-1
4310,0,-1,-1
4311,0,-1,-1
4312,0,-1,-1
4313,0,-1,-1
4314,1,17,69
4315,1,11,17
4316,0,-1,-1
4317,1,104,104
4318,1,65,78
4319,1,44,52
4320,0,-1,-1
4321,0,-1,-1
4322,0,-1,-1
4323,0,-1,-1
4324,1,45,53
4325,0,-1,-1
4326,0,-1,-1
4327,0,-1,-1
4328,1,18,30
4329,0,-1,-1
4330,0,-1,-1
4331,1,0,17
4332,0,-1,-1
4333,0,-1,-1
4334,1,0,22
4335,1,18,54
4336,0,-1,-1
4337,0,-1,-1
4338,0,-1,-1
4339,1,16,58
4340,0,-1,-1
4341,0,-1,-1
4342,0,-1,-1
4343,0,-1,-1
4344,0,-1,-1
4345,1,13,31
4346,0,-1,-1
4347,1,0,12
4348,1,27,28
4349,0,-1,-1
4350,0,-1,-1
4351,0,-1,-1
4352,1,20,20
4353,0,-1,-1
4354,0,-1,-1
4355,0,-1,-1
4356,1,29,37
4357,0,-1,-1
4358,1,17,24
4359,0,-1,-1
4360,1,38,49
4361,0,-1,-1
4362,1,12,61
4363,0,-1,-1
4364,1,9,51
4365,1,27,34
4366,1,27,97
4367,0,-1,-1
4368,0,-1,-1
4369,1,90,97
4370,1,0,8
4371,0,-1,-1
4372,0,-1,-1
4373,1,70,80
4374,0,-1,-1
4375,1,15,24
4376,1,17,25
4377,0,-1,-1
4378,0,-1,-1
4379,1,26,28
4380,0,-1,-1
4381,0,-1,-1
4382,1,60,83
4383,1,37,72
4384,0,-1,-1
4385,1,64,83
4386,1,0,35
4387,0,-1,-1
4388,0,-1,-1
4389,0,-1,-1
4390,1,15,50
4391,0,-1,-1
4392,1,0,9
4393,1,26,95
4394,0,-1,-1
4395,1,52,52
4396,0,-1,-1
4397,0,-1,-1
4398,0,-1,-1
4399,1,63,81
4400,0,-1,-1
4401,0,-1,-1
4402,1,44,53
4403,1,9,21
4404,0,-1,-1
4405,1,106,106
4406,1,0,86
4407,0,-1,-1
4408,1,54,67
4409,0,-1,-1
4410,0,-1,-1
4411,1,23,83
4412,0,-1,-1
4413,1,113,125
4414,0,-1,-1
4415,1,112,153
4416,0,-1,-1
4417,1,16,128
4418,0,-1,-1
4419,0,-1,-1
4420,1,0,53
4421,1,84,168
4422,1,23,185
4423,0,-1,-1
4424,1,0,44
4425,1,99,111
4426,1,11,16
4427,1,9,54
4428,1,18,123
4429,1,17,115
4430,0,-1,-1
4431,1,101,109
4432,0,-1,-1
4433,1,26,36
4434,0,-1,-1
4435,0,-1,-1
4436,0,-1,-1
4437,1,37,57
4438,0,-1,-1
4439,1,12,20
4440,0,-1,-1
4441,0,-1,-1
4442,0,-1,-1
4443,0,-1,-1
4444,0,-1,-1
4445,1,0,28
4446,0,-1,-1
4447,0,-1,-1
4448,0,-1,-1
4449,0,-1,-1
4450,0,-1,-1
4451,1,0,30
4452,0,-1,-1
4453,0,-1,-1
4454,0,-1,-1
4455,0,-1,-1
4456,0,-1,-1
4457,0,-1,-1
4458,0,-1,-1
4459,1,0,49
4460,0,-1,-1
4461,1,0,34
4462,0,-1,-1
4463,1,0,32
4464,0,-1,-1
4465,0,-1,-1
4466,1,14,23
4467,1,25,54
4468,1,0,90
4469,1,80,82
4470,0,-1,-1
4471,0,-1,-1
4472,0,-1,-1
4473,1,63,70
4474,0,-1,-1
4475,1,25,25
4476,0,-1,-1
4477,0,-1,-1
4478,0,-1,-1
4479,0,-1,-1
4480,0,-1,-1
4481,0,-1,-1
4482,1,19,19
4483,0,-1,-1
4484,1,11,23
4485,0,-1,-1
4486,1,37,50
4487,1,0,9
4488,1,18,20
4489,1,14,63
4490,1,27,35
4491,0,-1,-1
4492,0,-1,-1
4493,0,-1,-1
4494,0,-1,-1
4495,0,-1,-1
4496,1,37,63
4497,0,-1,-1
4498,0,-1,-1
4499,1,22,34
4500,1,9,38
4501,1,37,37
4502,1,39,62
4503,0,-1,-1
4504,0,-1,-1
4505,0,-1,-1
4506,0,-1,-1
4507,1,0,52
4508,0,-1,-1
4509,1,50,50
4510,0,-1,-1
4511,0,-1,-1
4512,1,37,37
4513,1,37,49
4514,0,-1,-1
4515,1,25,28
4516,0,-1,-1
4517,0,-1,-1
4518,0,-1,-1
4519,0,-1,-1
4520,0,-1,-1
4521,1,34,36
4522,0,-1,-1
4523,0,-1,-1
4524,0,-1,-1
4525,1,41,172
4526,0,-1,-1
4527,1,32,82
4528,1,0,208
4529,1,0,144
4530,1,62,132
4531,0,-1,-1
4532,1,0,11
4533,1,25,30
4534,0,-1,-1
4535,1,26,70
4536,1,42,67
4537,1,80,87
4538,1,18,38
4539,0,-1,-1
4540,1,17,26
4541,0,-1,-1
4542,0,-1,-1
4543,1,29,29
4544,1,0,16
4545,0,-1,-1
4546,1,26,32
4547,0,-1,-1
4548,0,-1,-1
4549,0,-1,-1
4550,0,-1,-1
4551,0,-1,-1
4552,0,-1,-1
4553,1,0,84
4554,0,-1,-1
4555,1,20,26
4556,0,-1,-1
4557,1,60,72
4558,1,40,51
4559,0,-1,-1
4560,1,26,28
4561,1,17,72
4562,0,-1,-1
4563,0,-1,-1
4564,1,20,36
4565,0,-1,-1
4566,0,-1,-1
4567,0,-1,-1
4568,0,-1,-1
4569,0,-1,-1
4570,0,-1,-1
4571,1,24,29
4572,0,-1,-1
4573,1,0,101
4574,0,-1,-1
4575,0,-1,-1
4576,0,-1,-1
4577,0,-1,-1
4578,1,83,83
4579,0,-1,-1
4580,0,-1,-1
4581,1,60,82
4582,0,-1,-1
4583,0,-1,-1
4584,0,-1,-1
4585,1,46,54
4586,0,-1,-1
4587,1,10,41
4588,0,-1,-1
4589,0,-1,-1
4590,1,13,21
4591,1,0,44
4592,1,30,38
4593,1,0,39
4594,0,-1,-1
4595,0,-1,-1
4596,0,-1,-1
4597,0,-1,-1
4598,0,-1,-1
4599,1,60,72
4600,1,0,10
4601,0,-1,-1
4602,0,-1,-1
4603,0,-1,-1
4604,1,53,55
4605,0,-1,-1
4606,1,25,38
4607,0,-1,-1
4608,1,10,18
4609,1,64,107
4610,0,-1,-1
4611,1,58,64
4612,0,-1,-1
4613,0,-1,-1
4614,0,-1,-1
4615,1,31,70
4616,0,-1,-1
4617,1,62,71
4618,1,0,33
4619,0,-1,-1
4620,0,-1,-1
4621,0,-1,-1
4622,0,-1,-1
4623,0,-1,-1
4624,0,-1,-1
4625,0,-1,-1
4626,1,37,40
4627,0,-1,-1
4628,0,-1,-1
4629,1,0,63
4630,1,53,58
4631,0,-1,-1
4632,0,-1,-1
4633,1,63,67
4634,0,-1,-1
4635,1,0,39
4636,0,-1,-1
4637,1,16,25
4638,1,48,54
4639,1,56,72
4640,0,-1,-1
4641,0,-1,-1
4642,0,-1,-1
4643,1,54,54
4644,0,-1,-1
4645,0,-1,-1
4646,1,0,10
4647,0,-1,-1
4648,1,14,50
4649,0,-1,-1
4650,0,-1,-1
4651,0,-1,-1
4652,1,48,48
4653,1,0,8
4654,0,-1,-1
4655,0,-1,-1
4656,0,-1,-1
4657,0,-1,-1
4658,0,-1,-1
4659,0,-1,-1
4660,0,-1,-1
4661,1,59,59
4662,1,23,33
4663,1,60,73
4664,1,32,38
4665,0,-1,-1
4666,1,22,59
4667,1,23,31
4668,1,21,35
4669,1,0,56
4670,0,-1,-1
4671,0,-1,-1
4672,0,-1,-1
4673,0,-1,-1
4674,0,-1,-1
4675,0,-1,-1
4676,0,-1,-1
4677,0,-1,-1
4678,0,-1,-1
4679,0,-1,-1
4680,1,29,37
4681,0,-1,-1
4682,1,0,45
4683,0,-1,-1
4684,1,54,57
4685,0,-1,-1
4686,0,-1,-1
4687,1,12,19
4688,0,-1,-1
4689,0,-1,-1
4690,0,-1,-1
4691,0,-1,-1
4692,1,27,34
4693,1,0,15
4694,1,9,13
4695,1,26,29
4696,1,13,23
4697,0,-1,-1
4698,0,-1,-1
4699,0,-1,-1
4700,1,16,45
4701,0,-1,-1
4702,0,-1,-1
4703,1,31,57
4704,1,69,127
4705,1,97,97
4706,1,57,79
4707,0,-1,-1
4708,1,71,127
4709,0,-1,-1
4710,1,86,87
4711,0,-1,-1
4712,1,58,58
4713,0,-1,-1
4714,0,-1,-1
4715,0,-1,-1
4716,1,21,33
4717,1,49,51
4718,1,26,32
4719,0,-1,-1
4720,0,-1,-1
4721,0,-1,-1
4722,1,33,50
4723,0,-1,-1
4724,0,-1,-1
4725,0,-1,-1
4726,1,67,71
4727,1,67,73
4728,0,-1,-1
4729,0,-1,-1
4730,1,0,26
4731,0,-1,-1
4732,0,-1,-1
4733,0,-1,-1
4734,0,-1,-1
4735,0,-1,-1
4736,1,29,29
4737,0,-1,-1
4738,0,-1,-1
4739,1,0,46
4740,1,0,17
4741,0,-1,-1
4742,0,-1,-1
4743,0,-1,-1
4744,1,37,46
4745,1,0,46
4746,0,-1,-1
4747,0,-1,-1
4748,0,-1,-1
4749,0,-1,-1
4750,0,-1,-1
4751,0,-1,-1
4752,0,-1,-1
4753,0,-1,-1
4754,0,-1,-1
4755,0,-1,-1
4756,0,-1,-1
4757,0,-1,-1
4758,0,-1,-1
4759,1,0,49
4760,0,-1,-1
4761,1,0,58
4762,0,-1,-1
4763,0,-1,-1
4764,0,-1,-1
4765,1,0,76
4766,1,13,23
4767,0,-1,-1
4768,0,-1,-1
4769,0,-1,-1
4770,0,-1,-1
4771,0,-1,-1
4772,0,-1,-1
4773,0,-1,-1
4774,1,62,75
4775,1,39,86
4776,1,9,83
4777,0,-1,-1
4778,0,-1,-1
4779,1,16,84
4780,0,-1,-1
4781,1,0,84
4782,0,-1,-1
4783,1,30,38
4784,1,0,60
4785,1,18,28
4786,0,-1,-1
4787,0,-1,-1
4788,0,-1,-1
4789,0,-1,-1
4790,1,0,18
4791,0,-1,-1
4792,0,-1,-1
4793,1,45,53
4794,0,-1,-1
4795,0,-1,-1
4796,1,0,55
4797,0,-1,-1
4798,0,-1,-1
4799,1,0,17
4800,0,-1,-1
4801,1,15,15
4802,1,10,97
4803,0,-1,-1
4804,1,48,56
4805,1,20,29
4806,0,-1,-1
4807,1,11,87
4808,1,30,56
4809,1,0,39
4810,0,-1,-1
4811,0,-1,-1
4812,1,0,24
4813,1,27,34
4814,1,12,16
4815,0,-1,-1
4816,0,-1,-1
4817,0,-1,-1
4818,1,60,66
4819,1,33,33
4820,0,-1,-1
4821,0,-1,-1
4822,1,37,50
4823,0,-1,-1
4824,0,-1,-1
4825,1,68,71
4826,0,-1,-1
4827,0,-1,-1
4828,1,31,33
4829,0,-1,-1
4830,0,-1,-1
4831,1,97,136
4832,0,-1,-1
4833,0,-1,-1
4834,1,41,42
4835,0,-1,-1
4836,0,-1,-1
4837,0,-1,-1
4838,1,0,59
4839,0,-1,-1
4840,1,0,48
4841,0,-1,-1
4842,0,-1,-1
4843,1,31,44
4844,1,27,34
4845,0,-1,-1
4846,0,-1,-1
4847,0,-1,-1
4848,0,-1,-1
4849,1,0,27
4850,1,29,32
4851,0,-1,-1
4852,1,40,50
4853,0,-1,-1
4854,1,13,28
4855,1,28,46
4856,1,49,55
4857,1,14,24
4858,1,15,23
4859,0,-1,-1
4860,1,71,81
4861,0,-1,-1
4862,1,21,29
4863,0,-1,-1
4864,0,-1,-1
4865,1,0,56
4866,0,-1,-1
4867,1,11,11
4868,0,-1,-1
4869,1,26,81
4870,1,0,82
4871,0,-1,-1
4872,1,82,96
4873,1,56,66
4874,0,-1,-1
4875,0,-1,-1
4876,1,16,17
4877,0,-1,-1
4878,0,-1,-1
4879,1,26,81
4880,1,17,25
4881,0,-1,-1
4882,0,-1,-1
4883,0,-1,-1
4884,0,-1,-1
4885,0,-1,-1
4886,0,-1,-1
4887,1,15,16
4888,0,-1,-1
4889,0,-1,-1
4890,0,-1,-1
4891,1,35,40
4892,0,-1,-1
4893,0,-1,-1
4894,0,-1,-1
4895,1,44,51
4896,0,-1,-1
4897,1,20,41
4898,1,77,154
4899,0,-1,-1
4900,0,-1,-1
4901,0,-1,-1
4902,0,-1,-1
4903,1,73,78
4904,0,-1,-1
4905,0,-1,-1
4906,1,17,46
4907,0,-1,-1
4908,1,48,49
4909,1,17,47
4910,0,-1,-1
4911,0,-1,-1
4912,1,52,59
4913,1,12,51
4914,0,-1,-1
4915,0,-1,-1
4916,1,38,51
4917,1,28,37
4918,0,-1,-1
4919,0,-1,-1
4920,1,9,14
4921,0,-1,-1
4922,0,-1,-1
4923,1,28,40
4924,1,53,123
4925,0,-1,-1
4926,0,-1,-1
4927,0,-1,-1
4928,1,90,92
4929,0,-1,-1
4930,0,-1,-1
4931,1,38,41
4932,0,-1,-1
4933,1,38,38
4934,0,-1,-1
4935,0,-1,-1
4936,0,-1,-1
4937,1,23,25
4938,1,0,90
4939,0,-1,-1
4940,1,34,47
4941,1,0,69
4942,1,20,20
4943,0,-1,-1
4944,0,-1,-1
4945,0,-1,-1
4946,1,22,31
4947,0,-1,-1
4948,1,52,69
4949,1,41,42
4950,0,-1,-1
4951,0,-1,-1
4952,0,-1,-1
4953,0,-1,-1
4954,0,-1,-1
4955,1,0,21
4956,0,-1,-1
4957,1,0,12
4958,0,-1,-1
4959,1,25,30
4960,1,38,68
4961,0,-1,-1
4962,1,41,43
4963,0,-1,-1
4964,0,-1,-1
4965,0,-1,-1
4966,1,17,81
4967,0,-1,-1
4968,0,-1,-1
4969,0,-1,-1
4970,0,-1,-1
4971,0,-1,-1
4972,0,-1,-1
4973,0,-1,-1
4974,1,26,37
4975,0,-1,-1
4976,0,-1,-1
4977,1,22,29
4978,0,-1,-1
4979,0,-1,-1
4980,1,15,56
4981,1,9,45
4982,0,-1,-1
4983,1,14,14
4984,0,-1,-1
4985,1,31,56
4986,0,-1,-1
4987,0,-1,-1
4988,0,-1,-1
4989,0,-1,-1
4990,1,42,87
4991,1,0,102
4992,0,-1,-1
4993,0,-1,-1
4994,0,-1,-1
4995,0,-1,-1
4996,1,104,129
4997,0,-1,-1
4998,1,9,24
4999,0,-1,-1
5000,1,12,24
5001,0,-1,-1
5002,1,0,29
5003,1,38,46
5004,0,-1,-1
5005,0,-1,-1
5006,1,47,62
5007,1,70,81
5008,1,82,93
5009,0,-1,-1
5010,1,0,70
5011,1,68,68
5012,0,-1,-1
5013,0,-1,-1
5014,1,47,55
5015,0,-1,-1
5016,0,-1,-1
5017,0,-1,-1
5018,1,35,55
5019,0,-1,-1
5020,1,93,110
5021,0,-1,-1
5022,1,0,141
5023,0,-1,-1
5024,1,9,12
5025,0,-1,-1
5026,0,-1,-1
5027,1,0,92
5028,0,-1,-1
5029,0,-1,-1
5030,0,-1,-1
5031,0,-1,-1
5032,0,-1,-1
5033,0,-1,-1
5034,0,-1,-1
5035,0,-1,-1
5036,0,-1,-1
5037,0,-1,-1
5038,1,23,125
5039,1,70,125
5040,1,60,87
5041,0,-1,-1
5042,0,-1,-1
5043,1,50,50
5044,1,19,60
5045,0,-1,-1
5046,1,16,68
5047,0,-1,-1
5048,0,-1,-1
5049,0,-1,-1
5050,0,-1,-1
5051,0,-1,-1
5052,0,-1,-1
5053,1,68,94
5054,1,12,89
5055,0,-1,-1
5056,1,92,98
5057,0,-1,-1
5058,0,-1,-1
5059,0,-1,-1
5060,0,-1,-1
5061,1,9,101
5062,0,-1,-1
5063,1,97,99
5064,1,0,11
5065,0,-1,-1
5066,1,0,36
5067,1,12,36
5068,0,-1,-1
5069,0,-1,-1
5070,0,-1,-1
5071,0,-1,-1
5072,0,-1,-1
5073,0,-1,-1
5074,0,-1,-1
5075,1,41,41
5076,1,0,15
5077,0,-1,-1
5078,0,-1,-1
5079,1,15,28
5080,1,9,30
5081,1,72,82
5082,1,0,58
5083,0,-1,-1
5084,0,-1,-1
5085,0,-1,-1
5086,0,-1,-1
5087,0,-1,-1
5088,1,12,26
5089,0,-1,-1
5090,0,-1,-1
5091,0,-1,-1
5092,0,-1,-1
5093,0,-1,-1
5094,1,15,65
5095,0,-1,-1
5096,0,-1,-1
5097,1,44,44
5098,1,22,29
5099,0,-1,-1
5100,0,-1,-1
5101,0,-1,-1
5102,0,-1,-1
5103,0,-1,-1
5104,1,35,41
5105,1,10,12
5106,0,-1,-1
5107,1,30,30
5108,1,0,25
5109,1,51,56
5110,0,-1,-1
5111,0,-1,-1
5112,1,51,56
5113,0,-1,-1
5114,1,20,79
5115,0,-1,-1
5116,0,-1,-1
5117,1,52,65
5118,0,-1,-1
5119,0,-1,-1
5120,0,-1,-1
5121,1,26,31
5122,1,18,79
5123,0,-1,-1
5124,0,-1,-1
5125,1,45,79
5126,0,-1,-1
5127,0,-1,-1
5128,0,-1,-1
5129,1,9,32
5130,0,-1,-1
5131,1,35,48
5132,0,-1,-1
5133,0,-1,-1
5134,1,33,33
5135,0,-1,-1
5136,1,21,29
5137,0,-1,-1
5138,1,9,20
5139,1,12,15
5140,0,-1,-1
5141,0,-1,-1
5142,0,-1,-1
5143,1,28,34
5144,0,-1,-1
5145,0,-1,-1
5146,0,-1,-1
5147,0,-1,-1
5148,1,11,11
5149,0,-1,-1
5150,0,-1,-1
5151,1,14,100
5152,0,-1,-1
5153,0,-1,-1
5154,1,73,73
5155,1,45,51
5156,0,-1,-1
5157,0,-1,-1
5158,0,-1,-1
5159,0,-1,-1
5160,1,20,22
5161,1,40,49
5162,0,-1,-1
5163,0,-1,-1
5164,0,-1,-1
5165,1,20,26
5166,1,0,41
5167,1,10,36
5168,0,-1,-1
5169,0,-1,-1
5170,0,-1,-1
5171,1,63,68
5172,0,-1,-1
5173,1,27,32
5174,1,60,67
5175,1,43,50
5176,1,0,74
5177,0,-1,-1
5178,1,71,87
5179,1,0,36
5180,0,-1,-1
5181,0,-1,-1
5182,1,26,35
5183,0,-1,-1
5184,1,27,27
5185,1,17,27
5186,1,9,43
5187,1,49,58
5188,0,-1,-1
5189,1,42,42
5190,1,0,14
5191,0,-1,-1
5192,0,-1,-1
5193,1,14,66
5194,0,-1,-1
5195,1,0,66
5196,1,10,11
5197,0,-1,-1
5198,0,-1,-1
5199,0,-1,-1
5200,0,-1,-1
5201,1,64,69
5202,0,-1,-1
5203,0,-1,-1
5204,0,-1,-1
5205,1,30,37
5206,1,25,26
5207,0,-1,-1
5208,1,0,18
5209,1,11,13
5210,1,0,48
5211,0,-1,-1
5212,1,0,78
5213,0,-1,-1
5214,0,-1,-1
5215,1,0,78
5216,1,48,60
5217,1,27,78
5218,0,-1,-1
5219,0,-1,-1
5220,0,-1,-1
5221,1,15,46
5222,0,-1,-1
5223,0,-1,-1
5224,0,-1,-1
5225,0,-1,-1
5226,0,-1,-1
5227,0,-1,-1
5228,0,-1,-1
5229,1,40,45
5230,1,11,67
5231,1,20,48
5232,1,10,20
5233,1,46,49
5234,1,10,55
5235,0,-1,-1
5236,0,-1,-1
5237,0,-1,-1
5238,1,36,46
5239,0,-1,-1
5240,1,0,63
5241,0,-1,-1
5242,0,-1,-1
5243,0,-1,-1
5244,0,-1,-1
5245,1,35,36
5246,0,-1,-1
5247,1,43,62
5248,0,-1,-1
5249,0,-1,-1
5250,1,9,15
5251,1,18,20
5252,0,-1,-1
5253,0,-1,-1
5254,0,-1,-1
5255,0,-1,-1
5256,1,0,151
5257,0,-1,-1
5258,0,-1,-1
5259,1,204,215
5260,1,0,161
5261,0,-1,-1
5262,1,26,196
5263,1,0,8
5264,0,-1,-1
5265,1,13,13
5266,0,-1,-1
5267,1,22,35
5268,1,0,155
5269,1,14,78
5270,1,44,50
5271,1,44,170
5272,1,59,87
5273,1,102,103
5274,1,35,43
5275,0,-1,-1
5276,1,69,149
5277,0,-1,-1
5278,0,-1,-1
5279,0,-1,-1
5280,0,-1,-1
5281,1,33,40
5282,0,-1,-1
5283,1,23,129
5284,0,-1,-1
5285,1,18,22
5286,0,-1,-1
5287,0,-1,-1
5288,1,51,114
5289,0,-1,-1
5290,0,-1,-1
5291,0,-1,-1
5292,0,-1,-1
5293,0,-1,-1
5294,0,-1,-1
5295,0,-1,-1
5296,0,-1,-1
5297,0,-1,-1
5298,1,36,44
5299,0,-1,-1
5300,0,-1,-1
5301,1,83,92
5302,0,-1,-1
5303,0,-1,-1
5304,0,-1,-1
5305,0,-1,-1
5306,0,-1,-1
5307,0,-1,-1
5308,0,-1,-1
5309,0,-1,-1
5310,1,84,131
5311,1,48,106
5312,1,88,99
5313,1,105,114
5314,1,0,8
5315,1,70,85
5316,1,37,38
5317,1,47,50
5318,0,-1,-1
5319,1,63,69
5320,0,-1,-1
5321,0,-1,-1
5322,0,-1,-1
5323,0,-1,-1
5324,1,0,66
5325,1,12,62
5326,1,25,25
5327,1,36,78
5328,0,-1,-1
5329,0,-1,-1
5330,1,36,42
5331,0,-1,-1
5332,0,-1,-1
5333,0,-1,-1
5334,1,0,72
5335,0,-1,-1
5336,0,-1,-1
5337,0,-1,-1
5338,0,-1,-1
5339,1,64,78
5340,0,-1,-1
5341,1,46,52
5342,1,10,15
5343,1,53,53
5344,0,-1,-1
5345,0,-1,-1
5346,0,-1,-1
5347,1,0,19
5348,0,-1,-1
5349,1,50,65
5350,0,-1,-1
5351,0,-1,-1
5352,1,35,44
5353,0,-1,-1
5354,0,-1,-1
5355,0,-1,-1
5356,1,48,106
5357,0,-1,-1
5358,0,-1,-1
5359,0,-1,-1
5360,0,-1,-1
5361,0,-1,-1
5362,1,0,25
5363,0,-1,-1
5364,0,-1,-1
5365,1,23,36
5366,0,-1,-1
5367,0,-1,-1
5368,1,11,20
5369,0,-1,-1
5370,1,10,13
5371,1,0,26
5372,0,-1,-1
5373,1,0,8
5374,1,14,35
5375,1,49,83
5376,0,-1,-1
5377,1,17,27
5378,1,14,14
5379,0,-1,-1
5380,1,9,11
5381,1,0,14
5382,1,29,47
5383,1,38,144
5384,1,50,153
5385,0,-1,-1
5386,1,51,51
5387,0,-1,-1
5388,0,-1,-1
5389,1,79,79
5390,1,0,33
5391,0,-1,-1
5392,1,12,13
5393,0,-1,-1
5394,0,-1,-1
5395,1,0,12
5396,1,9,22
5397,0,-1,-1
5398,1,22,37
5399,0,-1,-1
5400,1,23,28
5401,1,0,9
5402,0,-1,-1
5403,0,-1,-1
5404,1,37,44
5405,1,65,88
5406,1,57,74
5407,1,64,88
5408,1,50,62
5409,0,-1,-1
